"ID","calle_colonia","delegacion","cp","tipo","precio","moneda","lat","lon","AREA_CONSTRUIDA","RECAMARAS","BANOS","No_de_pisos","Edad_inmueble","Jardin","Cisterna","Seguridad privada","Zona privada","Alberca","Lavandería","Terraza","Gimnasio","Cuarto de servicio","Chimenea","Sótano","Aire acondicionado","Elevador","Urbanizado"
28772737,"ADOLFO PRIETO","Benito Juárez",3200,"Casa en condominio","9,500,000 ","MXN",19.3768213,-99.1746778,165,3,4,4,1,"0","1","1","0","0","0","0","0","0","0","0","0","0","0"
28649315,"Ahuatenco #145","Cuajimalpa de Morelos",5000,"Casa en condominio","9,800,000 ","MXN",19.3639850892988,-99.3026280594162,340,3,4,2,7,"0","1","0","1","1","0","0","0","0","0","0","0","0","0"
27804669,"AV TOLUCA #411Int. 59","Álvaro Obregón",1780,"Casa en condominio","7,450,000 ","MXN",19.3392293,-99.2189838,230,3,3,3,13,"0","1","1","0","0","1","0","0","0","0","0","0","0","0"
28660612,"Avenida Jesús del Monte 300","Cuajimalpa de Morelos",5260,"Casa en condominio","4,250,000 ","MXN",19.3667284,-99.2934588,165,3,3,1,16,"0","0","0","0","0","1","0","0","0","0","0","0","0","0"
28662393,"Bosque de Mimosas 100","Miguel Hidalgo",11700,"Casa en condominio"," 5,647,058 ","USD",19.4208979,-99.1998227,757,4,6,1,41,"0","0","0","0","1","0","1","1","0","0","0","0","0","0"
28799275,"Calle Latinos 82 #82","Benito Juárez",3510,"Casa en condominio","6,500,000 ","MXN",19.3960448195748,-99.1328165018524,170,4,2,3,7,"1","1","0","1","0","0","1","0","0","0","0","0","0","0"
28661094,"Cerrada de Bezares 100","Miguel Hidalgo",11910,"Casa en condominio","8,900,000 ","MXN",19.3909815,-99.2439166,190,3,2,1,16,"0","0","0","0","0","0","0","0","0","0","0","0","0","0"
28661483,"Cerrada del Olivarito 0 - 0","Álvaro Obregón",1780,"Casa en condominio","16,500,000 ","MXN",19.3392293,-99.2189838,490,5,4,1,32,"0","0","0","0","0","0","0","0","0","0","0","0","0","0"
28661484,"Desierto de los Leones ","Álvaro Obregón",1790,"Casa en condominio","9,500,000 ","MXN",19.3239228,-99.2609416,255,3,3,1,3,"0","0","0","0","0","0","1","0","0","0","0","0","0","0"
28251712,"GUADALUPE I RAMIREZ #5693","Xochimilco",16030,"Casa en condominio","5,600,000 ","MXN",19.2693968370623,-99.1290870742355,133,2,2,2,10,"0","1","1","0","0","1","0","0","0","0","0","0","0","0"
28756873,"La Castañeda","Benito Juárez",3910,"Casa en condominio","6,490,000 ","MXN",19.3723335,-99.1905974,142,3,3,3,11,"0","1","1","1","0","0","0","0","0","0","0","0","0","0"
27285281,"LA JOYA #233Int. 4","Tlalpan",14600,"Casa en condominio","5,750,000 ","MXN",19.2790394,-99.1421561,236,3,3,2,1,"0","1","1","1","0","0","1","0","0","0","0","0","0","0"
26639651,"Paseo de las lilas #15","Cuajimalpa de Morelos",5120,"Casa en condominio","28,000,000 ","MXN",19.3937862174288,-99.2460417218903,450,3,3,2,10,"0","1","0","1","1","0","0","1","0","0","0","0","0","0"
28723724,"20 de noviembre #69","Iztapalapa",9700,"Casa","2,870,000 ","MXN",19.331612,-99.047386,251,4,3,1,39,"0","0","0","0","0","0","0","0","0","0","0","0","0","0"
27603488,"Acanto  #73","Tlalpan",14250,"Casa","4,100,000 ","MXN",19.2726174,-99.2112163,280,5,4,2,10,"0","1","0","0","0","0","1","0","0","0","0","0","0","0"
28193376,"Aguiar y Seijas","Miguel Hidalgo",11000,"Casa","28,500,000 ","MXN",19.4212430202,-99.2065805197,360,4,4,1,1,"0","0","0","0","0","0","0","0","0","0","0","0","0","0"
28234762,"Arecibo","Álvaro Obregón",1619,"Casa","29,998,000 ","MXN",19.3621258846,-99.2220783234,1170,8,6,1,36,"1","0","1","0","0","0","1","1","1","0","0","0","0","0"
28422366,"Arecibo","Álvaro Obregón",1619,"Casa","29,998,000 ","MXN",19.3621258846,-99.2220783234,1170,8,6,1,36,"1","0","1","0","0","0","1","1","1","0","0","0","0","0"
28660477,"Av. San Jerónimo 1300","La Magdalena Contreras",10200,"Casa","5,900,000 ","MXN",19.326137,-99.226107,215,3,2,1,29,"0","0","0","0","0","1","0","0","0","0","0","0","0","0"
27508251,"Avenida Jesus del Monte 46 #46","Cuajimalpa de Morelos",5030,"Casa","7,500,000 ","MXN",19.3471076,-99.305684,225,3,3,3,11,"0","1","0","1","0","0","1","1","1","0","0","0","0","0"
28625397,"Ayuntamiento #191","Coyoacán",4310,"Casa","11,200,000 ","MXN",19.3426879065742,-99.1698657028958,350,4,3,2,40,"0","1","0","1","0","0","0","0","0","0","0","0","0","0"
28660771,"Bahía 200","Álvaro Obregón",1759,"Casa","4,190,000 ","MXN",19.3330693,-99.2624415,99,3,2,1,34,"0","0","0","0","0","1","0","0","0","0","0","0","0","0"
24709742,"Barrio La Concepción, Coyoacán, Ciudad de México","Coyoacán",4020,"Casa","15,000,000 ","MXN",19.3461943,-99.1588734,354,3,4,1,1,"1","0","0","0","0","0","0","0","0","0","0","0","0","0"
28712309," _ ","La Magdalena Contreras",10500,"Casa","6,000,000 ","MXN",19.3123673,-99.2353589,237,3,2,1,30,"0","0","1","0","0","0","0","0","1","0","0","0","0","0"
28663900,"Bosque de Manzanos","Miguel Hidalgo",11460,"Casa","25,000,000 ","MXN",19.3954204,-99.2478014,350,2,2,1,1,"1","0","0","0","0","0","0","0","1","0","0","0","0","0"
28654619,"Calle 22-A 23 #23","Gustavo A. Madero",7620,"Casa","3,498,400 ","MXN",19.5237134,-99.1677691,237,7,3,2,47,"0","0","0","1","0","1","1","0","1","0","0","0","0","0"
28666085,"Calzada de las Águilas ","Álvaro Obregón",1810,"Casa","8,200,000 ","MXN",19.3812406,-99.2245579,297,3,2,2,1,"0","0","0","0","0","0","0","0","0","1","0","0","0","0"
28670924,"Calzada De Los Corceles #10","Álvaro Obregón",1430,"Casa","8,050,000 ","MXN",19.3656622,-99.2270825,350,3,5,3,1,"0","0","0","0","0","0","0","0","0","0","0","0","0","0"
28101857,"CAM A AHUANTECO","Cuajimalpa de Morelos",5000,"Casa","7,180,000 ","MXN",19.3557507,-99.2993504,300,4,4,2,25,"1","0","0","0","0","1","0","0","0","0","0","0","0","0"
28662419,"Camino Real 5200","Álvaro Obregón",1700,"Casa","18,500,000 ","MXN",19.3418937,-99.2245237,618,3,3,1,34,"0","0","0","0","0","1","0","0","0","1","0","0","0","0"
28571136,"Carrateraco","Coyoacán",4030,"Casa","13,000,000 ","MXN",19.3487985,-99.1509554,216,3,2,1,15,"0","0","1","0","0","0","0","0","1","0","0","0","0","0"
28448575,"Cascada","Álvaro Obregón",1900,"Casa","26,500,000 ","MXN",19.326932,-99.2015762,500,1,1,1,1,"1","0","0","0","0","0","0","0","0","0","0","0","0","0"
28268469,"Cerrada de Cardos  #4Int. N","Tlalpan",14250,"Casa","4,190,000 ","MXN",19.2763059631485,-99.2059627216232,260,3,2,3,30,"0","1","0","1","0","0","0","0","0","0","1","0","0","0"
28660275,"Cerrada de las Fuentes 100a","Álvaro Obregón",1900,"Casa","22,890,000 ","MXN",19.3205752,-99.2092897,513,4,4,1,26,"0","0","1","0","0","1","0","0","0","0","0","0","0","0"
28715860,"Cerrada Margaritas 40 #40","Álvaro Obregón",1030,"Casa","9,850,000 ","MXN",19.3634128,-99.1783654,240,3,2,2,45,"1","1","0","0","0","0","0","0","0","0","0","0","0","0"
27991731,"CHICAGO","Benito Juárez",3810,"Casa","12,000,000 ","MXN",19.3963819,-99.1758753,360,3,2,1,1,"0","0","0","0","0","0","0","0","0","0","0","0","0","0"
28692388,"Cintalapa","Coyoacán",4918,"Casa","8,600,000 ","MXN",19.3127526,-99.1110724,255,3,3,1,1,"0","0","0","0","0","0","0","0","0","0","0","0","0","0"
28190537,"Cupulas","Xochimilco",16050,"Casa","5,200,000 ","MXN",19.2605225,-99.1184214,223,3,3,3,1,"0","0","0","0","0","0","1","0","0","0","0","0","0","0"
28662761,"Desierto de los Leones 4900","Álvaro Obregón",1700,"Casa","15,500,000 ","MXN",19.3418937,-99.2245237,500,4,5,1,40,"0","0","0","0","0","1","1","0","0","0","0","0","0","0"
28846897,"Doctor Atl 280 #280","Cuauhtémoc",6400,"Casa","9,000,000 ","MXN",19.4530315,-99.1556117,270,3,3,2,1,"0","0","0","0","0","0","0","0","0","0","0","0","0","0"
28661659,"Dunas 100 ","Gustavo A. Madero",7270,"Casa","4,650,000 ","MXN",19.5232329,-99.1490745,165,4,3,1,34,"0","0","0","0","0","1","0","0","0","0","0","0","0","0"
28546746," ","Coyoacán",4815,"Casa","4,690,000 ","MXN",19.3156865,-99.1073581,280,4,4,1,1,"0","0","0","0","0","0","1","0","0","0","0","0","0","0"
28620528,"ENCANTADA","Coyoacán",4010,"Casa","63,000,000 ","MXN",19.3475023,-99.1719095,989,8,5,1,1,"1","0","0","0","0","0","0","0","0","0","0","0","0","0"
28831015,"Encino Grande 180 #180","Álvaro Obregón",1700,"Casa","9,600,000 ","MXN",19.3396228,-99.2270986,301,3,5,2,1,"0","0","0","0","0","0","0","0","1","0","0","0","0","0"
28660895,"Fuente Bella 100","Tlalpan",14129,"Casa","12,870,000 ","MXN",19.315237,-99.2165428,453,4,4,1,44,"0","0","0","0","0","0","0","0","0","0","0","0","0","0"
28661936,"Fuente de la Luz 100","Tlalpan",14140,"Casa","24,900,000 ","MXN",19.3057082,-99.2266013,1150,5,4,1,20,"0","0","0","0","0","0","1","0","0","0","0","0","0","0"
28659940,"Granada 100","Xochimilco",16100,"Casa","4,300,000 ","MXN",19.2553281,-99.1303962,291,4,2,1,25,"0","0","0","0","0","0","0","0","0","0","0","0","0","0"
28778690," ","Gustavo A. Madero",7800,"Casa","5,950,000 ","MXN",19.4700849,-99.1297611,246,4,3,1,1,"0","0","0","0","0","0","0","0","0","0","0","0","0","0"
28651824,"José Maria Castorena","Cuajimalpa de Morelos",5240,"Casa","13,800,000 ","MXN",19.3640219,-99.2851887,270,4,3,1,24,"1","0","1","0","0","0","0","0","1","0","0","0","0","0"
26098929,"LA QUEMADA  #361","Benito Juárez",3023,"Casa","9,470,000 ","MXN",19.3711152,-99.1393556,235,6,4,2,40,"0","1","0","0","0","0","1","0","1","0","0","0","0","0"
28534989,"Ladera","Coyoacán",4500,"Casa","38,000,000 ","MXN",19.3062052,-99.2017414,560,5,4,1,1,"1","0","1","0","0","0","1","0","1","0","0","0","0","0"
28625645," ","Gustavo A. Madero",7300,"Casa","15,789,000 ","MXN",19.4902084,-99.124236,519,12,8,1,1,"0","0","0","0","0","0","0","0","0","0","0","0","0","0"
28631858,"Lomas Altas","Miguel Hidalgo",11950,"Casa","53,000,000 ","MXN",19.4005953,-99.2279876,448,4,3,1,1,"0","0","0","0","0","0","0","0","0","0","0","0","0","0"
28722938,"MIGUEL LERDO DE TEJADA #268","Álvaro Obregón",1020,"Casa","22,500,000 ","MXN",19.353556,-99.18615,750,7,4,1,1,"0","0","0","0","0","0","0","0","0","0","0","0","0","0"
26203996,"Miguel Ocaranza #133","Álvaro Obregón",1600,"Casa","11,000,000 ","MXN",19.3663017,-99.1933664,243,2,1,2,50,"0","0","0","1","0","1","1","0","0","0","0","0","0","0"
28662554,"Montaña 400","Coyoacán",4500,"Casa","20,500,000 ","MXN",19.3079512,-99.1968277,955,3,5,1,41,"0","0","0","0","1","0","1","0","0","0","0","0","0","0"
27427313,"Naranjos 16 #16","La Magdalena Contreras",10400,"Casa","8,250,000 ","MXN",19.3187812,-99.2282531,400,4,3,2,45,"0","1","0","1","0","0","0","0","0","1","0","0","0","0"
28782484," ","Benito Juárez",3020,"Casa","6,200,000 ","MXN",19.3952624505,-99.1404222327,134,3,2,1,1,"0","0","0","0","0","0","0","0","0","0","0","0","0","0"
28762827," ","Álvaro Obregón",1780,"Casa","6,600,000 ","MXN",19.3409349,-99.205763,203,3,2,1,1,"0","0","0","0","0","0","0","0","0","0","0","0","0","0"
28661580,"Oriente 100","Venustiano Carranza",15810,"Casa","9,800,000 ","MXN",19.4309551,-99.1335827,320,7,3,1,50,"0","0","0","0","0","1","0","0","0","0","0","0","0","0"
28792022,"ORIZABA","La Magdalena Contreras",10400,"Casa","7,980,000 ","MXN",19.3177967,-99.2281333,270,3,3,1,1,"1","0","0","0","0","0","1","0","1","0","0","0","0","0"
28792023,"ORIZABA","La Magdalena Contreras",10400,"Casa","7,980,000 ","MXN",19.3177967,-99.2281333,270,3,3,1,1,"1","0","0","0","0","0","1","0","1","0","0","0","0","0"
28661942,"Paseo de la Reforma 1300","Miguel Hidalgo",11000,"Casa"," 3,500,000 ","USD",19.4071207,-99.2162139,1193,4,5,1,64,"0","0","0","0","0","0","0","0","0","0","0","0","0","0"
27586526,"Paseo del Rocio Lomas de Vista Hermosa","Cuajimalpa de Morelos",5100,"Casa","10,500,000 ","MXN",19.3763601,-99.2684457,319,4,4,3,50,"0","0","1","1","0","0","0","0","0","0","0","0","0","0"
23701112,"PEDREGAL DE SAN FRANCISCO","Coyoacán",4320,"Casa","12,850,000 ","MXN",19.3388046,-99.1691413,306,1,3,1,33,"0","0","0","0","0","0","0","0","0","0","0","0","0","0"
23965760,"PEDREGAL DE SAN FRANCISCO","Coyoacán",4320,"Casa","29,900,000 ","MXN",19.3388046,-99.1691413,564,4,3,2,40,"0","1","0","1","0","0","0","0","0","1","0","0","0","0"
27785722,"PEDREGAL DE SAN FRANCISCO","Coyoacán",4320,"Casa","23,900,000 ","MXN",19.3395689210825,-99.1708364560974,430,3,3,1,50,"1","1","0","1","0","0","1","0","0","1","0","0","0","0"
27964353,"PEDREGAL DE SAN FRANCISCO","Coyoacán",4320,"Casa","22,750,000 ","MXN",19.3390475633811,-99.1669955327881,380,3,3,2,28,"0","1","0","1","0","0","1","0","0","0","0","0","0","0"
28232821,"PEDREGAL DE SAN FRANCISCO","Coyoacán",4320,"Casa","19,900,000 ","MXN",19.3396397851077,-99.1706326082123,414,3,4,2,24,"1","1","0","1","0","0","0","1","0","1","0","0","0","0"
27926439,"Pino","Álvaro Obregón",1030,"Casa","24,900,000 ","MXN",19.3629905570719,-99.1765025227234,326,3,3,2,13,"1","1","0","0","0","0","0","0","0","1","0","0","0","0"
28567032,"Plaza rio san carlos","Iztapalapa",9030,"Casa","11,000,000 ","MXN",19.3872562,-99.0889919,300,6,4,1,1,"1","0","0","0","0","0","1","0","1","0","0","0","0","0"
28651106,"Primer Retorno de Sierra Itambe","Miguel Hidalgo",11700,"Casa"," 2,600,000 ","USD",19.3914119,-99.265523,1200,3,4,1,20,"1","0","1","0","0","0","0","0","1","0","0","0","0","0"
28651107,"Primer Retorno de Sierra Itambe","Miguel Hidalgo",11920,"Casa"," 2,600,000 ","USD",19.3963452,-99.2397156,1200,3,4,1,20,"1","0","1","0","0","0","0","0","1","0","0","0","0","0"
28722015,"Prolongacion geranio","Tláhuac",13099,"Casa","3,900,000 ","MXN",19.265692,-99.00205,202,5,1,1,30,"0","0","0","0","0","0","0","0","0","0","0","0","0","0"
21872833,"Renovación","Iztapalapa",9209,"Casa","2,100,000 ","MXN",19.371356919,-99.048678875,250,6,3,1,31,"0","0","0","0","0","0","0","0","0","0","0","0","0","0"
28545932,"Residencial Emperadores","Benito Juárez",3320,"Casa","18,000,000 ","MXN",19.3703949,-99.1546152,530,10,6,1,1,"0","0","0","0","0","0","0","0","0","0","0","0","0","0"
28662434,"Retorno 100 del Tepozteco 43","Tlalpan",14608,"Casa","19,900,000 ","MXN",19.2780601,-99.146999,480,4,4,1,5,"0","0","0","0","0","1","1","1","0","1","0","0","0","0"
28661455,"Salvatierra ","Miguel Hidalgo",11850,"Casa","13,500,000 ","MXN",19.4204517,-99.185752,270,3,2,1,40,"0","0","0","0","0","0","1","0","0","0","0","0","0","0"
28566972,"San Angel","Álvaro Obregón",1000,"Casa","49,000,000 ","MXN",19.3454236,-99.1936871,750,4,4,1,9,"1","0","1","0","0","0","1","0","1","0","0","0","0","0"
28691776,"San Borja","Benito Juárez",3600,"Casa","8,000,000 ","MXN",19.382014,-99.1545103,268,4,3,1,1,"0","0","0","0","0","0","0","0","0","0","0","0","0","0"
27905272,"san francisco  #34","La Magdalena Contreras",10200,"Casa","7,999,980 ","MXN",19.326137,-99.226107,224,3,3,2,9,"0","1","0","1","0","0","0","1","0","0","0","0","0","0"
28108662,"San Juan de Dios","Tlalpan",14050,"Casa","16,500,000 ","MXN",19.2957614830512,-99.1574508429916,381,4,3,3,30,"1","1","0","0","0","1","0","0","1","1","0","0","0","0"
27914288," ","Iztapalapa",9630,"Casa","2,500,000 ","MXN",19.3476891,-98.9939219,241,5,2,2,35,"0","0","0","0","0","0","0","0","0","0","0","0","0","0"
25032574,"Santiago Rebull","Benito Juárez",3910,"Casa","6,950,000 ","MXN",19.3718577,-99.1904438,146,2,2,1,1,"0","0","0","0","0","0","1","0","0","0","0","0","0","0"
26093789,"Sierra Ixtlán","Miguel Hidalgo",11000,"Casa","33,000,000 ","MXN",19.4091242968396,-99.2257840217651,509,7,4,3,40,"0","1","0","0","0","0","0","0","0","0","0","0","0","0"
28062807,"Sierra Ventana","Miguel Hidalgo",11000,"Casa","60,000,000 ","MXN",19.4259355,-99.2211701,1052,3,3,1,35,"1","0","1","0","0","0","0","0","1","0","0","0","0","0"
28662422,"Tlapacoya 200 ","Álvaro Obregón",1760,"Casa","21,500,000 ","MXN",19.3481367,-99.2030585,460,3,3,1,42,"0","0","0","0","0","1","1","0","0","1","0","0","0","0"
28232776,"TOWN HOUSE CON ROOF PRIVADO EN CONDOMINIO DE 4 VECINOS","Cuauhtémoc",6760,"Casa","11,305,350 ","MXN",19.405299,-99.1649891,143,3,2,3,1,"0","1","0","1","0","0","1","0","0","0","0","0","0","0"
27753724,"Villa Atuel","Iztapalapa",9700,"Casa","2,950,000 ","MXN",19.3348266,-99.0392429,219,3,2,2,30,"0","1","0","0","0","0","0","0","0","0","0","0","0","0"
28610396,"Xotepingo","Coyoacán",4610,"Casa","9,400,000 ","MXN",19.3263486,-99.1437323,355,5,3,1,1,"1","0","1","0","0","0","0","0","1","0","0","0","0","0"
28644093,"Arquimedes #217","Miguel Hidalgo",11560,"Departamento","15,980,000 ","MXN",19.4365872622895,-99.1906126205155,171,2,2,9,17,"0","0","1","1","0","0","1","1","0","0","0","0","1","0"
28610397," _ ","Benito Juárez",3104,"Departamento","7,000,000 ","MXN",19.3679403,-99.169486,103,2,2,1,1,"0","0","1","0","0","0","0","0","0","0","0","0","1","0"
28681659,"14","Miguel Hidalgo",11510,"Departamento","6,903,700 ","MXN",19.4376344,-99.2099821,87,2,2,1,1,"0","0","0","0","0","0","0","1","0","0","0","0","0","0"
28684820,"Adolfo López Mateos #1753","Álvaro Obregón",1600,"Departamento","4,750,000 ","MXN",19.3661498732969,-99.1915854132141,71,2,2,1,1,"0","0","0","1","1","0","0","1","0","0","0","0","1","0"
16052498,"Amores","Benito Juárez",3103,"Departamento","4,950,000 ","MXN",19.396264,-99.1636594,97,2,2,1,5,"0","0","1","0","0","0","0","0","0","0","0","0","0","0"
27923503,"Anaxagoras","Benito Juárez",3020,"Departamento","6,725,000 ","MXN",19.38822,-99.157526,109,2,2,1,1,"0","0","1","0","0","0","1","0","0","0","0","0","1","0"
28830906,"Anillo Periférico 4091 #4091","Tlalpan",14140,"Departamento","3,600,000 ","MXN",19.3083681,-99.218957,108,3,2,4,1,"0","0","0","0","0","0","0","0","0","0","0","0","0","0"
28662894,"Arenal 600","Tlalpan",14610,"Departamento","2,800,000 ","MXN",19.2956691,-99.1571682,56,2,2,1,9,"0","0","0","0","0","1","0","0","0","0","0","0","0","0"
28720572,"Av. Acueducto #757","Gustavo A. Madero",7369,"Departamento","4,664,847 ","MXN",19.50162,-99.12123,96,3,2,1,1,"0","0","0","0","0","0","0","0","0","0","0","0","0","0"
28667132,"Av. Acueducto de Guadalupe 600","Gustavo A. Madero",7010,"Departamento","2,240,000 ","MXN",19.4977577,-99.113797,74,2,1,1,1,"0","0","0","0","0","0","1","0","0","0","0","0","0","0"
28662125,"Av. Amsterdam 200","Cuauhtémoc",6100,"Departamento","9,300,000 ","MXN",19.4093682,-99.1719095,140,2,2,1,44,"0","0","0","0","0","0","0","0","0","0","0","0","1","0"
28661721,"Av. Carlos Fernández Graef 300","Cuajimalpa de Morelos",5348,"Departamento","8,000,000 ","MXN",19.3622412,-99.2661066,134,2,2,1,1,"0","0","0","0","1","0","0","1","0","0","0","0","1","0"
28723693,"AV. CHAPULTEPEC #139","Cuauhtémoc",6040,"Departamento","2,325,300 ","MXN",19.42707,-99.15154,31,1,1,1,1,"0","0","0","0","0","0","0","0","0","0","0","0","0","0"
28661744,"Av. Cuauhtémoc","Cuauhtémoc",6720,"Departamento","3,179,410 ","MXN",19.4179232,-99.1483827,44,1,1,1,1,"0","0","1","0","0","0","0","0","0","0","0","0","1","0"
28661763,"Av. Cuauhtémoc","Cuauhtémoc",6720,"Departamento","4,340,000 ","MXN",19.4179232,-99.1483827,46,1,1,1,1,"0","0","1","0","0","0","1","0","0","0","0","0","1","0"
28534758,"Av. Pdte. Plutarco Elías Calles","Iztacalco",8400,"Departamento","2,409,000 ","MXN",19.3973842,-99.1014971,48,2,1,1,3,"0","0","1","0","0","0","0","0","0","0","0","0","1","0"
28826676,"Av Refinería","Azcapotzalco",2140,"Departamento","2,435,000 ","MXN",19.4924678,-99.1918086,65,2,2,1,1,"0","0","0","0","0","0","0","0","0","0","0","0","0","0"
26974570,"Av. Revolución #1014","Benito Juárez",3900,"Departamento","5,365,000 ","MXN",19.3699788,-99.1881409,83,2,2,2,1,"0","0","0","0","0","0","0","0","0","0","0","0","1","0"
27970188,"Av. Revolución","Benito Juárez",3900,"Departamento","5,260,000 ","MXN",19.3650779,-99.1886518,112,3,2,1,17,"0","0","1","0","0","0","0","0","0","0","0","0","1","0"
28660389,"Av Toluca 1000","Álvaro Obregón",1170,"Departamento","4,500,000 ","MXN",19.3891663,-99.2072126,96,2,2,1,7,"0","0","1","0","0","0","0","1","0","0","0","0","0","0"
27780598,"Av Wilfrido Massieu 326 #326","Gustavo A. Madero",7739,"Departamento","4,650,000 ","MXN",19.4969567,-99.1428174,150,3,2,4,20,"0","0","0","0","0","0","0","0","0","0","0","0","0","0"
28215693,"Avenida Coyoacan 1129 #1129","Benito Juárez",3100,"Departamento","4,491,290 ","MXN",19.3772451,-99.169755,71,2,2,1,1,"0","1","0","1","0","0","0","0","0","0","0","0","1","0"
28587402,"Avenida de la Industria 82 #82","Venustiano Carranza",15530,"Departamento","2,020,000 ","MXN",19.4351639,-99.1032271,56,2,1,6,9,"0","1","0","1","0","1","0","0","0","0","0","0","0","0"
28783398,"Avenida de las Torres 805 #805","Álvaro Obregón",1840,"Departamento","4,380,000 ","MXN",19.3341422,-99.2397341,100,2,2,1,8,"1","1","0","1","1","0","0","1","0","0","0","0","1","0"
28661559,"Avenida Insurgentes Sur 2300","Álvaro Obregón",1090,"Departamento","5,200,000 ","MXN",19.3376147,-99.194878,74,2,2,1,5,"0","0","0","0","1","0","0","0","0","0","0","0","0","0"
28661676,"Avenida Insurgentes Sur 800","Benito Juárez",3103,"Departamento","6,783,660 ","MXN",19.3795774,-99.2067202,62,1,1,1,1,"0","0","0","0","1","0","0","1","0","0","0","1","1","0"
28072809,"Avenida Mexico 359 #359","Cuajimalpa de Morelos",5270,"Departamento","4,100,000 ","MXN",19.3660547,-99.2985273,123,3,2,1,7,"0","1","0","1","1","0","0","1","0","0","0","0","1","0"
28662029,"Avenida Nuevo León 300","Cuauhtémoc",6100,"Departamento","6,811,411 ","MXN",19.4093682,-99.1719095,91,2,2,1,1,"0","0","0","0","0","0","0","0","0","0","0","0","1","0"
28360307,"Avenida San Antonio  #158Int. 101","Benito Juárez",3710,"Departamento","7,000,000 ","MXN",19.3832047,-99.1795226,2,3,3,1,20,"0","0","0","0","0","1","1","0","0","0","0","0","0","0"
28753331,"Bahía de Todos los Santos","Miguel Hidalgo",11300,"Departamento","4,900,000 ","MXN",19.4340235,-99.172753,147,3,1,1,1,"0","0","0","0","0","0","0","0","0","0","0","0","0","0"
28426198,"Baja California","Cuauhtémoc",6760,"Departamento","5,400,000 ","MXN",19.4066211,-99.1587243,125,4,2,1,64,"0","0","0","0","0","0","0","0","1","0","0","0","0","0"
28646180,"Blvd. Adolfo López Mateos","Álvaro Obregón",1010,"Departamento","5,090,000 ","MXN",19.3601153,-99.1930527,76,2,2,1,1,"0","0","1","0","1","0","0","1","0","0","0","0","1","0"
28243385,"Bordo #85","Coyoacán",4980,"Departamento","4,520,000 ","MXN",19.3070724434263,-99.1383095136002,88,2,2,5,6,"0","1","0","0","1","0","0","1","0","0","0","0","1","0"
28662122,"Bosque de Canelos 200","Cuajimalpa de Morelos",5120,"Departamento","10,500,000 ","MXN",19.3904162,-99.2550003,286,3,3,1,38,"0","0","0","0","0","1","0","0","0","1","0","0","1","0"
28603430,"Boulevard Adolfo Lopez Mateos #1753","Álvaro Obregón",1600,"Departamento","4,950,000 ","MXN",19.3677086207217,-99.1916175997223,71,2,2,1,1,"0","0","0","0","1","0","1","1","0","0","0","0","1","0"
28662411,"Boulevard Adolfo López Mateos 2000","Álvaro Obregón",1010,"Departamento","5,450,000 ","MXN",19.3566227,-99.2099821,80,2,2,1,2,"0","0","0","0","1","0","1","1","0","0","0","0","0","0"
28611761,"Bruno Traven","Benito Juárez",3330,"Departamento","14,500,000 ","MXN",19.359184,-99.1630606,352,4,5,1,7,"0","0","0","0","0","0","0","0","0","0","0","0","0","0"
25811264,"C. Maestro Antonio Caso No. 19","Cuauhtémoc",6030,"Departamento","4,605,553 ","MXN",19.434088,-99.155107,33,1,1,1,1,"0","0","0","0","0","0","0","1","0","0","0","0","1","0"
28488239,"Cadereyta","Cuauhtémoc",6170,"Departamento","8,300,000 ","MXN",19.4096665,-99.1813157,104,2,2,1,3,"0","0","1","0","0","0","0","0","0","0","0","0","1","0"
28417400,"CALLE 4","Benito Juárez",3100,"Departamento","5,990,000 ","MXN",19.39123,-99.18926,103,3,3,1,2,"0","0","0","0","0","0","0","0","0","0","0","0","0","0"
28660785,"Calle Gabriel Mancera 1100","Benito Juárez",3100,"Departamento","4,890,000 ","MXN",19.397567,-99.167166,95,2,2,1,4,"0","0","0","0","0","0","0","0","0","0","0","0","1","0"
28053970,"Calle Lago Neuchatel 12 #12","Miguel Hidalgo",11529,"Departamento","10,490,000 ","MXN",19.442826513873,-99.201362579689,170,3,3,1,11,"0","1","0","1","1","0","0","1","0","0","0","0","1","0"
28839172,"Calle Nogal 187B #187B","Cuauhtémoc",6400,"Departamento","4,000,000 ","MXN",19.4505205,-99.1630369,66,1,2,1,9,"1","1","1","0","0","0","0","0","0","0","0","0","0","0"
28661993,"Calle Pennsylvania 300","Benito Juárez",3840,"Departamento","4,950,000 ","MXN",19.3877638,-99.1767541,114,3,2,1,40,"0","0","0","0","0","1","0","0","0","0","0","0","0","0"
28794375,"Calzada de Guadalupe #90","Cuauhtémoc",6220,"Departamento","3,300,000 ","MXN",19.461417,-99.1331631,120,2,2,3,1,"0","0","1","0","0","0","0","0","0","0","0","0","0","0"
28729385,"CALZADA DE LAS AGUILAS","Álvaro Obregón",1710,"Departamento","2,950,000 ","MXN",19.3628223,-99.1914982,80,3,2,4,1,"0","1","1","0","0","0","0","0","0","0","0","0","0","0"
28769251,"Calzada de los Tenorios 150 #150Int. C504","Tlalpan",14326,"Departamento","1,795,000 ","MXN",19.2943641732191,-99.1171352921081,75,3,1,5,35,"0","0","0","0","0","0","0","0","0","0","0","0","0","0"
28725226,"Calzada de Tlalpan #1023","Benito Juárez",3500,"Departamento","3,256,000 ","MXN",19.386238,-99.13887,67,2,1,1,1,"0","0","0","0","0","0","0","0","0","0","0","0","0","0"
28659785,"Calzada de Tlalpan 900","Benito Juárez",3410,"Departamento","3,100,000 ","MXN",19.3910535,-99.1407725,69,2,2,1,1,"0","0","0","0","0","1","0","0","0","0","0","0","0","0"
27118452,"Calzada Mexico Tacuba","Miguel Hidalgo",11230,"Departamento","1,770,000 ","MXN",19.458540004892,-99.198989998176,47,2,1,1,16,"0","0","1","0","0","0","0","0","0","0","0","0","0","0"
28720529,"CAMPOS ELISEOS #226","Miguel Hidalgo",11560,"Departamento","16,500,000 ","MXN",19.428844,-99.19042,215,3,2,1,47,"0","0","0","0","0","0","0","0","0","0","0","0","0","0"
28691789,"Cándido Navarro","Azcapotzalco",2400,"Departamento","2,240,000 ","MXN",19.4909019,-99.2029648,62,2,1,1,1,"0","0","0","0","0","0","0","0","0","0","0","0","0","0"
25285547,"CARRETERA MEXICO TOLUCA #5860","Cuajimalpa de Morelos",5500,"Departamento","4,389,000 ","MXN",19.3501067189821,-99.2985242893799,90,2,2,5,2,"1","1","0","0","1","0","0","1","0","0","0","0","1","0"
28818189,"Carretera México-Toluca #5804","Cuajimalpa de Morelos",5500,"Departamento","3,900,000 ","MXN",19.3508636,-99.2984706,65,1,1,1,3,"0","1","0","1","1","0","0","1","0","0","0","0","1","0"
28830931,"Carretera Toluca - México 5860 #5860","Cuajimalpa de Morelos",5010,"Departamento","9,600,000 ","MXN",19.3496927,-99.3058412,171,3,3,1,1,"0","0","1","0","1","0","0","1","0","0","0","1","1","0"
28289381,"Cda Mártires de Río Blanco #104","Gustavo A. Madero",7840,"Departamento","1,472,310 ","MXN",19.4564585770785,-99.1144844007416,55,2,1,1,1,"0","0","0","0","0","0","0","0","0","0","0","0","0","0"
26608630,"Centeno #349","Iztacalco",8400,"Departamento","1,690,000 ","MXN",19.402751,-99.098584,65,2,1,3,1,"0","1","1","0","0","0","0","0","0","0","0","0","0","0"
28797116,"Cerrada Coyoacán","Benito Juárez",3104,"Departamento","7,500,000 ","MXN",19.3745957545,-99.1707730293,106,2,2,1,5,"0","0","1","0","0","0","1","0","0","0","0","0","1","0"
28252539,"Cerrada de Salamanca","Cuauhtémoc",6700,"Departamento","5,350,000 ","MXN",19.4185777,-99.1694338,97,1,1,1,102,"0","0","1","0","0","0","1","0","0","0","0","0","1","0"
28567859,"Cicerón","Miguel Hidalgo",11510,"Departamento"," 3,250,000 ","USD",19.4343782,-99.2072794,600,1,1,1,1,"0","0","0","0","0","0","0","0","0","0","0","0","0","0"
28263787,"Cienfuegos 1077 #1077Int.  Torre B","Gustavo A. Madero",7300,"Departamento","3,990,000 ","MXN",19.5009299,-99.1220684,80,2,2,1,5,"0","1","0","0","0","0","0","1","0","0","0","0","1","0"
28668895,"circuito 1 ","Álvaro Obregón",1480,"Departamento","1,650,000 ","MXN",19.3680716878846,-99.1963517171661,63,1,1,2,1,"0","0","0","0","0","0","0","0","0","0","0","0","0","0"
28818309,"Cjon Luna  #92","Cuauhtémoc",6300,"Departamento","2,554,000 ","MXN",19.4482919592839,-99.1405355159775,64,2,1,1,20,"0","1","0","1","0","0","0","0","0","0","0","0","1","0"
28659890,"Colonia Condesa","Cuauhtémoc",6100,"Departamento","6,480,000 ","MXN",19.4093682,-99.1719095,90,2,2,1,3,"0","0","0","0","0","0","0","0","0","0","0","0","1","0"
28759411,"Cossio","Benito Juárez",3100,"Departamento","7,095,000 ","MXN",19.3797151,-99.1677132,160,3,3,1,1,"0","0","0","0","0","0","0","0","0","0","0","0","0","0"
28340757," ","Cuajimalpa de Morelos",5000,"Departamento","8,000,000 ","MXN",19.3646675,-99.259687,104,2,2,1,1,"0","0","0","0","0","0","0","0","0","0","0","0","0","0"
28067053," ","Benito Juárez",3100,"Departamento","6,399,999 ","MXN",19.3797151,-99.1677132,85,3,2,1,1,"0","0","0","0","0","0","0","0","0","0","0","0","0","0"
28545328," ","Benito Juárez",3103,"Departamento","3,900,000 ","MXN",19.3936576,-99.159659,127,2,1,1,1,"0","0","0","0","0","0","0","0","0","0","0","0","0","0"
28607123," _ ","Benito Juárez",3103,"Departamento","5,250,000 ","MXN",19.381894,-99.157795,165,2,2,1,30,"0","0","1","0","0","0","0","0","1","0","0","0","0","0"
28762826," ","Benito Juárez",3104,"Departamento","6,410,000 ","MXN",19.3729233,-99.1645558,86,2,2,1,1,"0","0","0","0","0","0","0","0","0","0","0","0","0","0"
28404735,"DEPARTAMENTO CON 2 RECAMARAS  #54Int. 202","Benito Juárez",3810,"Departamento","5,720,000 ","MXN",19.3943574,-99.1774462,85,2,2,7,1,"0","1","0","0","0","0","1","0","0","0","0","0","1","0"
28834763,"DEPARTAMENTO CON 2 RECAMARAS EN NAPOLES","Benito Juárez",3810,"Departamento","4,717,910 ","MXN",19.393578155657,-99.1754935518371,77,2,2,4,1,"0","1","0","1","0","0","0","0","0","0","0","0","1","0"
28649505,"DEPARTAMENTO CON AMENIDADES  EN ANZURES PARA INVERSIONISTAS","Miguel Hidalgo",11300,"Departamento","3,300,000 ","MXN",19.436516,-99.1739857,45,1,1,1,1,"0","1","0","1","0","0","0","1","0","0","0","0","1","0"
28263797,"DEPARTAMENTO EN VENTA CON AMENIDADES A 3 CALLES DE ANTARA #53","Miguel Hidalgo",11560,"Departamento","6,789,500 ","MXN",19.440189017997,-99.2009927694031,86,2,2,10,1,"1","1","0","1","0","0","0","1","0","0","0","0","1","0"
28781293,"DEPARTAMENTO PARA PERSONALIZAR EN LA ROMA CON AMENIDADES","Cuauhtémoc",6700,"Departamento","5,425,000 ","MXN",19.4113496736815,-99.1625275423279,69,2,2,6,1,"0","1","0","1","0","0","0","1","0","0","0","0","1","0"
28705504,"DEPARTAMENTO VISTA INTERIOR CON 2 RECAMARAS","Cuauhtémoc",6140,"Departamento","6,450,000 ","MXN",19.4148386374499,-99.1679243579971,100,2,2,5,6,"0","1","1","0","0","0","0","0","0","0","0","0","1","0"
28725763,"División del Norte #152","Cuajimalpa de Morelos",5330,"Departamento","5,950,000 ","MXN",19.356024,-99.28876,217,3,2,1,18,"0","0","0","0","0","0","0","0","0","0","0","0","0","0"
28664272,"Edgar Allan Poe","Miguel Hidalgo",11540,"Departamento","13,859,060 ","MXN",19.4353061,-99.1998673,105,2,2,1,1,"0","0","0","0","0","0","1","0","0","0","0","0","0","0"
28785559,"Edgar Allan Poe","Miguel Hidalgo",11540,"Departamento","31,894,000 ","MXN",19.4353061,-99.1998673,248,3,4,1,1,"0","0","0","0","0","0","1","0","1","0","0","0","1","0"
28833526,"Edgar Allan Poe","Miguel Hidalgo",11540,"Departamento","16,600,000 ","MXN",19.4333552,-99.199532,150,2,2,1,10,"0","0","1","0","0","0","1","0","0","0","0","0","0","0"
28762834," ","Cuajimalpa de Morelos",5320,"Departamento","5,500,000 ","MXN",19.3660547,-99.2985273,149,2,2,1,1,"0","0","0","0","0","0","0","0","0","0","0","0","0","0"
28087157,"Emerson 121 #121Int. 1","Miguel Hidalgo",11560,"Departamento","13,800,000 ","MXN",19.4371171,-99.1889014,287,3,2,1,50,"0","1","1","0","0","0","0","0","0","0","0","0","0","0"
27969505,"Eugenia #1753","Benito Juárez",3600,"Departamento","3,650,000 ","MXN",19.3839823,-99.148685,90,3,2,5,23,"0","1","1","0","0","0","0","0","0","0","0","0","1","0"
28021227,"Francisco Cesar Morales  #31","Iztapalapa",9510,"Departamento","950,000 ","MXN",19.3695995862908,-99.0071607322632,58,2,1,3,25,"1","1","0","0","0","1","1","0","0","0","0","0","0","0"
28425344,"Gabino Barreda #93","Cuauhtémoc",6470,"Departamento","5,533,157 ","MXN",19.437349,-99.166779,84,2,2,1,1,"0","0","1","0","0","0","0","0","0","0","0","0","1","0"
28688798,"Gabriel Mancera","Benito Juárez",3103,"Departamento","3,300,000 ","MXN",19.3937197,-99.1622858,82,2,1,1,64,"0","0","1","0","0","0","0","0","1","0","0","0","0","0"
28722578,"Garcia Diego #299","Cuauhtémoc",6720,"Departamento","1,700,000 ","MXN",19.416925,-99.15379,60,2,1,1,25,"0","0","0","0","0","0","0","0","0","0","0","0","0","0"
28690951,"Gobernador Agustín Vicente Eguia #47","Miguel Hidalgo",11850,"Departamento","8,500,000 ","MXN",19.4076399,-99.1882113,125,2,3,1,1,"0","0","1","0","0","0","1","0","0","0","0","0","1","0"
28774805,"Hamburgo 322 #322","Cuauhtémoc",6600,"Departamento","6,900,000 ","MXN",19.4217838,-99.1738244,140,2,2,1,10,"0","1","0","1","0","0","0","0","0","0","0","0","1","0"
28631937,"Hegel","Miguel Hidalgo",11550,"Departamento","6,600,000 ","MXN",19.4328213,-99.1880999,105,2,2,1,10,"0","0","0","0","0","0","0","0","0","0","0","0","0","0"
28728361,"Horacio","Miguel Hidalgo",11510,"Departamento","19,000,000 ","MXN",19.4355952788,-99.2105984702,200,3,4,1,6,"0","0","0","0","1","0","0","1","1","0","0","0","1","0"
28605551,"JOSE MARIA ROA BARCENAS","Cuauhtémoc",6800,"Departamento","1,879,000 ","MXN",19.4139923,-99.1386972,35,1,1,1,1,"0","1","1","0","0","1","0","0","0","0","0","0","0","0"
28605564,"José María Roa Bárcenas  #0Int. 0","Cuauhtémoc",6800,"Departamento","2,299,000 ","MXN",19.4139923,-99.1386972,55,2,1,1,1,"0","1","1","0","0","0","0","0","0","0","0","0","0","0"
28452334,"José Vasconcelos","Cuauhtémoc",6170,"Departamento","6,400,000 ","MXN",19.41685,-99.17865,92,2,2,1,12,"0","0","1","0","1","0","0","1","0","0","0","1","1","0"
28641555,"Juan Sebastian Bach","Gustavo A. Madero",7870,"Departamento","2,025,000 ","MXN",19.4661096,-99.1362003,51,1,1,1,3,"0","0","1","0","0","0","0","0","0","0","0","0","1","0"
28645054,"Juárez","Cuauhtémoc",6600,"Departamento","2,100,000 ","MXN",19.4364947,-99.1490216,29,1,1,1,1,"0","0","0","0","1","0","0","1","0","0","0","0","1","0"
28517312,"Lafayette","Miguel Hidalgo",11590,"Departamento","8,500,000 ","MXN",19.4328316,-99.1763979,145,2,3,1,23,"0","0","1","0","0","0","0","0","1","0","0","0","1","0"
28663030,"Lago Alberto 500","Miguel Hidalgo",11320,"Departamento","4,300,000 ","MXN",19.3082326,-99.1463845,55,1,1,1,6,"0","0","0","0","0","0","0","1","0","0","0","0","1","0"
28721560,"Lago Ilopango #207","Miguel Hidalgo",11280,"Departamento","4,696,380 ","MXN",19.458416,-99.19607,116,3,2,1,1,"0","0","0","0","0","0","0","0","0","0","0","0","0","0"
28660904,"Lago Neuchatel 100","Miguel Hidalgo",11529,"Departamento","13,900,000 ","MXN",19.4507237,-99.1283743,222,4,4,1,20,"0","0","0","0","1","1","1","1","0","0","0","0","1","0"
27434451,"Lago Neuchatel","Miguel Hidalgo",11520,"Departamento","5,800,000 ","MXN",19.4438292,-99.2013129,127,3,2,1,15,"0","0","0","0","1","0","0","1","0","0","0","0","1","0"
28543680,"Laguna del Carmen","Miguel Hidalgo",11320,"Departamento","2,350,000 ","MXN",19.4483733251477,-99.1740067314606,57,3,1,5,1,"0","0","0","0","0","0","0","0","0","0","0","0","0","0"
28823831,"Lamartine 152 #152","Miguel Hidalgo",11560,"Departamento","7,900,000 ","MXN",19.4360558,-99.1895010527786,111,2,2,1,30,"0","1","1","0","0","1","0","0","1","0","0","0","1","0"
28531160,"Leandro Valle","Cuauhtémoc",6010,"Departamento","3,345,000 ","MXN",19.4385937,-99.1342656,114,2,2,1,95,"0","0","0","0","0","0","0","0","0","0","0","0","0","0"
28618022,"LOFT CON AMENIDADES CERCA DE POLANCO ","Miguel Hidalgo",11300,"Departamento","2,480,000 ","MXN",19.4361416554734,-99.175423364032,30,1,1,1,1,"0","1","0","1","0","0","1","1","0","0","0","0","1","0"
28749533,"LOFT CON AMENIDADES PARA INVERSION EN TABACALERA","Cuauhtémoc",6030,"Departamento","2,370,000 ","MXN",19.4359832302404,-99.1542663772461,33,1,1,1,1,"0","1","0","1","1","0","0","1","0","0","0","0","1","0"
28332207," ","Miguel Hidalgo",11000,"Departamento"," 699,000 ","USD",19.4391862533,-99.2225104646,226,3,3,1,1,"0","0","0","0","0","0","0","0","0","0","0","0","0","0"
28810623," ","Álvaro Obregón",1010,"Departamento","5,500,000 ","MXN",19.3311979,-99.2104122,90,2,2,1,1,"0","0","0","0","0","0","0","0","0","0","0","0","0","0"
27614547,"Louisiana #80Int. G102","Benito Juárez",3810,"Departamento","14,550,000 ","MXN",19.3915098,-99.1772134,141,2,2,1,3,"1","1","0","1","1","0","0","1","0","0","0","0","1","0"
28811601,"LUIS DAVID","Benito Juárez",3910,"Departamento","2,600,000 ","MXN",19.374273,-99.1889923,71,2,1,1,35,"0","0","0","0","0","0","0","0","0","0","0","0","0","0"
28622236,"Luis Vives","Miguel Hidalgo",11510,"Departamento","4,790,000 ","MXN",19.4361668,-99.2093566,103,1,1,1,1,"0","0","1","0","0","0","0","0","1","0","0","0","1","0"
28781854,"Martin Mendalde #1761","Benito Juárez",3240,"Departamento","6,900,000 ","MXN",19.3613549166647,-99.1713303130753,195,3,2,1,49,"0","0","1","0","0","0","0","0","1","0","0","0","1","0"
28772234,"Martin Mendalde","Benito Juárez",3104,"Departamento","6,900,000 ","MXN",19.374863,-99.1693946,195,3,2,1,41,"0","0","1","0","0","0","0","0","0","0","0","0","1","0"
28425301,"Medellín #360","Cuauhtémoc",6760,"Departamento","4,990,000 ","MXN",19.403438,-99.164861,80,2,2,1,1,"0","0","0","0","0","0","0","1","0","0","0","0","1","0"
28713476,"Miguel Bernard","Gustavo A. Madero",7320,"Departamento","2,950,000 ","MXN",19.5062838,-99.1360868,94,3,2,1,39,"0","0","1","0","0","0","0","0","0","0","0","0","0","0"
27398915,"Mitla","Benito Juárez",3023,"Departamento","6,975,150 ","MXN",19.3852261,-99.1504056,73,2,2,1,1,"0","0","1","0","0","0","0","0","0","0","0","0","1","0"
28229218,"Monrrovia #1012","Benito Juárez",3300,"Departamento","3,900,000 ","MXN",19.369945,-99.1415638,71,2,2,4,8,"0","0","0","0","0","0","0","0","0","0","0","0","0","0"
28729235,"MONTE ALBÁN","Benito Juárez",3020,"Departamento","5,000,000 ","MXN",19.3934178924366,-99.1504732840698,119,4,3,3,21,"0","1","1","0","0","0","0","0","1","0","0","0","0","0"
28187185," ","Benito Juárez",3020,"Departamento","4,500,000 ","MXN",19.4028026,-99.1543407,70,2,2,1,1,"0","0","0","0","0","0","0","0","0","0","0","0","0","0"
28661696,"Nicolás San Juan 1400","Benito Juárez",3104,"Departamento","5,350,000 ","MXN",19.397567,-99.167166,147,3,2,1,50,"0","0","0","0","0","1","0","0","0","0","0","0","1","0"
28543049,"ORIENTE 237 #152 Edif A","Iztacalco",8500,"Departamento","2,193,000 ","MXN",19.3923495,-99.0709315,64,2,1,7,7,"0","1","0","1","0","0","0","0","0","0","0","0","1","0"
28660591,"Orinoco 100","Benito Juárez",3540,"Departamento","2,250,000 ","MXN",19.3753744,-99.1376595,55,2,1,1,43,"0","0","0","0","0","0","0","0","0","0","0","0","0","0"
28546783,"palacio escorial","Miguel Hidalgo",11930,"Departamento","16,600,000 ","MXN",19.4016375,-99.2348641,350,3,3,1,1,"0","0","1","0","0","0","1","0","0","0","0","0","1","0"
28811574,"PALACIO ESCORIAL","Miguel Hidalgo",11930,"Departamento","8,850,000 ","MXN",19.4016409,-99.2348447,120,2,2,1,4,"0","0","1","0","0","0","0","0","0","0","0","1","1","0"
28566971,"Park Plaza","Álvaro Obregón",1210,"Departamento","9,900,000 ","MXN",19.3644559,-99.2597087,190,2,2,1,8,"1","0","0","0","1","0","1","1","0","0","0","0","1","0"
27849275,"PARQUE DE LOS VENADOS #309","Benito Juárez",3303,"Departamento","5,259,000 ","MXN",19.3719936500397,-99.155881836554,90,2,2,2,1,"1","1","0","1","0","0","0","1","0","0","0","0","1","0"
28849285,"Paseo de la Reforma","Cuauhtémoc",6600,"Departamento","6,500,000 ","MXN",19.4294617,-99.1633646,95,1,1,1,1,"1","0","1","0","1","0","1","1","0","0","0","0","1","0"
28822249,"Paseo de los Laureles 404 #404","Cuajimalpa de Morelos",5100,"Departamento","11,050,000 ","MXN",19.3795639,-99.2661971,305,4,3,1,23,"1","1","0","1","1","0","0","1","0","0","0","0","1","0"
28735403,"Paseos de los Cipreses","Coyoacán",4250,"Departamento","2,950,000 ","MXN",19.3458067,-99.1256481,83,2,1,1,1,"0","0","0","0","0","0","0","0","0","0","0","0","0","0"
28660767,"Patricio Sanz 1700","Benito Juárez",3104,"Departamento","8,590,000 ","MXN",19.397567,-99.167166,209,3,3,1,8,"0","0","0","0","0","1","1","0","0","0","0","0","1","0"
28534056,"Pennsylvania","Benito Juárez",3840,"Departamento","4,500,000 ","MXN",19.3874609,-99.1775929,60,2,2,1,4,"0","0","1","0","0","0","0","0","0","0","0","0","1","0"
28136474,"PENTHOUSE CON 2 RECAMARAS Y ROOF PRIVADO EN CALLE TRANQUILA #134Int. 303","Miguel Hidalgo",11560,"Departamento","9,345,000 ","MXN",19.435653929131,-99.183507448835,165,2,2,3,1,"0","1","0","1","0","0","1","0","0","0","0","0","0","0"
28263794,"PENTHOUSE CON ROOF PRIVADO  3 CALLES DE ANTARA  #53","Miguel Hidalgo",11529,"Departamento","10,643,100 ","MXN",19.4401465311542,-99.2010621643036,179,2,2,10,1,"0","1","0","1","0","0","0","1","0","0","0","0","1","0"
28832029,"PENTHOUSE CON ROOF PRIVADO ROMA NORTEInt. 104","Cuauhtémoc",6700,"Departamento","8,976,790 ","MXN",19.4109398546723,-99.1634931375733,172,2,2,6,1,"0","1","0","1","0","0","0","1","0","0","0","0","1","0"
28635481,"PENTHOUSE CON ROOF PRIVADO Y ESTUDIO","Benito Juárez",3303,"Departamento","5,200,000 ","MXN",19.3664833933985,-99.1493690282333,132,2,2,4,1,"1","1","0","1","0","0","0","0","0","0","0","0","1","0"
27872291,"Periférico","Coyoacán",4700,"Departamento","5,550,000 ","MXN",19.3036633818,-99.1771157798,106,3,2,1,5,"1","0","1","0","1","0","0","1","0","0","0","0","1","0"
28660255,"Pilares 600 Col Del Valle Sur Depto. 503","Benito Juárez",3104,"Departamento","4,800,000 ","MXN",19.397567,-99.167166,147,2,2,1,50,"0","0","0","0","0","0","0","0","0","0","0","0","1","0"
28712029,"Pilares","Benito Juárez",3200,"Departamento","5,500,000 ","MXN",19.3794329,-99.173536,144,3,2,1,49,"0","0","1","0","0","0","0","0","0","0","0","0","1","0"
24668493,"PLUTARCO E. CALLES  #21Int. 1","Iztacalco",8400,"Departamento","2,174,848 ","MXN",19.397144694785,-99.0999143756714,47,2,1,1,1,"0","1","1","0","0","0","0","0","0","0","0","0","1","0"
27098264,"Po de Las Galias 15 #15","Iztapalapa",9890,"Departamento","1,850,000 ","MXN",19.3220284,-99.0967708,60,2,1,4,30,"0","1","0","0","0","0","0","0","0","0","0","0","0","0"
28682861,"Polanco","Miguel Hidalgo",11510,"Departamento","14,990,000 ","MXN",19.4384394,-99.2094673,279,3,2,1,1,"0","0","1","0","0","0","0","1","1","0","0","0","1","0"
28488016,"Popotla #43","Álvaro Obregón",1090,"Departamento","4,450,000 ","MXN",19.3329137828472,-99.2082005562973,100,3,2,3,16,"0","1","0","0","0","0","0","0","0","0","0","0","1","0"
28762803," ","Benito Juárez",3570,"Departamento","4,959,666 ","MXN",19.3638887,-99.1517173,69,2,2,1,1,"0","0","0","0","0","0","0","0","0","0","0","0","0","0"
28660749,"Privada de los Cedros 100","Álvaro Obregón",1729,"Departamento","7,400,000 ","MXN",19.3402778,-99.2418386,217,3,2,1,29,"0","0","0","0","1","1","0","1","0","0","0","0","1","0"
28661130,"Privada de los Cedros 100","Álvaro Obregón",1729,"Departamento","7,400,000 ","MXN",19.3402778,-99.2418386,217,3,2,1,29,"0","0","0","0","1","1","0","1","0","0","0","0","1","0"
26354204," ","Iztapalapa",9240,"Departamento","1,350,000 ","MXN",19.3590598,-99.0633191,60,2,1,1,1,"0","0","0","0","0","0","0","0","0","0","0","0","0","0"
28148926,"Prol. Bosques de Reforma","Cuajimalpa de Morelos",5120,"Departamento","35,000,000 ","MXN",19.3897838,-99.2602318,423,3,3,1,4,"0","0","0","0","1","0","1","1","0","0","0","1","1","0"
28219932,"Prol Po de la Reforma 355 #355","Álvaro Obregón",1310,"Departamento","4,200,000 ","MXN",19.378574,-99.2548137,103,2,2,1,6,"0","0","1","0","0","0","0","1","0","0","0","0","1","0"
28661123,"Prolongación Calle Carlos Echanove","Cuajimalpa de Morelos",5320,"Departamento","12,500,000 ","MXN",19.3617203,-99.2834093,244,2,2,1,50,"0","0","1","0","1","1","0","1","0","0","0","0","1","0"
28662836,"Prolongacion Paseo de la Reforma 400","Álvaro Obregón",1219,"Departamento","3,700,000 ","MXN",19.3870901,-99.2407996,65,2,2,1,4,"0","0","0","0","1","0","0","1","0","0","0","0","1","0"
28593742,"Prolongación Paseo de la Reforma","Álvaro Obregón",1310,"Departamento","3,700,000 ","MXN",19.3792647,-99.2541168,65,2,2,1,7,"0","0","1","0","1","0","0","1","0","0","0","0","1","0"
28686940,"Rafael Delgado","Cuauhtémoc",6800,"Departamento","1,708,600 ","MXN",19.4099497,-99.1387533,40,1,1,1,1,"0","0","0","0","0","0","0","0","0","0","0","0","0","0"
28686943,"Rafael Delgado","Cuauhtémoc",6800,"Departamento","1,688,800 ","MXN",19.4099497,-99.1387533,39,1,1,1,1,"0","0","0","0","0","0","0","0","0","0","0","0","0","0"
26997184,"Rébsamen","Benito Juárez",3020,"Departamento","8,350,000 ","MXN",19.3957382,-99.1587829,122,3,2,1,1,"0","0","1","0","0","0","1","0","0","0","0","0","1","0"
27923502,"Rébsamen","Benito Juárez",3020,"Departamento","7,400,000 ","MXN",19.3957382,-99.1587829,122,3,2,1,1,"0","0","1","0","0","0","1","0","0","0","0","0","1","0"
28723950,"Retorno 701 #110","Coyoacán",4450,"Departamento","3,000,000 ","MXN",19.334671,-99.14039,60,2,1,1,15,"0","0","0","0","0","0","0","0","0","0","0","0","0","0"
28659297,"Rio de la Magdalena 200 - 23","Álvaro Obregón",1090,"Departamento","12,500,000 ","MXN",19.3376147,-99.194878,231,3,3,1,15,"0","0","0","0","1","0","1","1","0","0","0","0","1","0"
28660151,"Río Guadalquivir 100","Cuauhtémoc",6500,"Departamento","5,990,000 ","MXN",19.4301322,-99.1691413,86,2,2,1,1,"0","0","0","0","0","1","0","0","0","0","0","0","1","0"
28660725,"Rio Rhin 100","Cuauhtémoc",6500,"Departamento","4,500,000 ","MXN",19.4301322,-99.1691413,100,2,1,1,42,"0","0","0","0","0","0","0","0","0","0","0","0","1","0"
28528902,"Roma Norte","Cuauhtémoc",6700,"Departamento","5,181,660 ","MXN",19.4185256,-99.163549,78,2,2,1,1,"0","0","1","0","0","0","0","1","0","0","0","0","1","0"
28722407,"ROMULO O´FARRILL #589","Álvaro Obregón",1780,"Departamento","2,940,000 ","MXN",19.3357953,-99.2175953,54,1,1,1,4,"0","0","0","0","0","0","0","0","0","0","0","0","0","0"
28796290,"San Bernabé","La Magdalena Contreras",10200,"Departamento","3,450,000 ","MXN",19.3294691,-99.2293775,135,3,2,1,31,"0","0","1","0","0","0","0","0","0","0","0","0","0","0"
27726652,"SAN BERNARDINO #17","Benito Juárez",3103,"Departamento","2,800,000 ","MXN",19.3918334103122,-99.1726936964371,50,1,1,6,35,"0","1","1","0","0","0","0","0","0","0","0","0","0","0"
28666369,"San Francisco #657","Benito Juárez",3100,"Departamento","16,000,000 ","MXN",19.3883576917962,-99.1718652301941,386,3,3,1,44,"0","0","1","0","0","0","0","0","0","0","0","0","1","0"
27910829,"San Lorenzo 1009 #1009","Benito Juárez",3104,"Departamento","5,710,000 ","MXN",19.3723816,-99.1642556,74,2,2,8,1,"0","1","1","0","0","0","0","1","0","0","0","0","1","0"
27912757,"San Lorenzo 1009 #1009","Benito Juárez",3104,"Departamento","6,900,000 ","MXN",19.3723816,-99.1642556,91,2,2,8,1,"0","1","0","0","0","0","0","1","0","0","0","0","1","0"
28661933,"Santa Maria la Ribera  200 - 202","Cuauhtémoc",6400,"Departamento","3,228,642 ","MXN",19.4468279,-99.1594532,50,1,1,1,2,"0","0","0","0","0","0","1","0","0","0","0","0","0","0"
28081657,"SECCION F","Álvaro Obregón",1480,"Departamento","1,680,000 ","MXN",19.3709149,-99.1923033,63,3,1,2,1,"1","0","0","1","0","0","0","0","0","0","0","0","0","0"
28661334,"Segunda Cerrada del Moral 100","Álvaro Obregón",1700,"Departamento","5,800,000 ","MXN",19.3418937,-99.2245237,157,3,3,1,27,"0","0","0","0","1","1","1","0","0","0","0","0","1","0"
28010765,"Shakespeare #35","Miguel Hidalgo",11590,"Departamento","6,150,000 ","MXN",19.4308213,-99.1774444,103,2,2,4,11,"0","1","1","0","0","1","0","0","0","0","0","0","0","0"
28643824,"STAMPA RESIDENCIAL  CARRETERA MEXICO TOLUCA #5860","Cuajimalpa de Morelos",5500,"Departamento","3,600,000 ","MXN",19.3519693,-99.3035883,54,1,1,1,3,"1","0","1","0","1","0","1","1","0","0","0","0","1","0"
28662179,"Suderman 400 - GH-1","Miguel Hidalgo",11560,"Departamento","18,000,000 ","MXN",19.430456,-99.1889121,158,2,2,1,1,"0","0","0","0","0","0","1","0","0","0","0","0","1","0"
28669216,"SUIT EN REFORMA CON AMENIDADES PARA INVERSIONISTAS","Cuauhtémoc",6600,"Departamento","2,300,000 ","MXN",19.4351203838545,-99.1514432934403,30,1,1,1,1,"0","1","0","1","1","0","0","1","0","0","0","0","1","0"
28194391,"Tiburcio Sanchez de La Barquera","Benito Juárez",3930,"Departamento","2,800,000 ","MXN",19.3654027,-99.1899456,60,2,1,5,20,"0","0","1","0","0","0","0","0","0","0","0","0","0","0"
28588547,"Tízoc","Azcapotzalco",2000,"Departamento","2,130,000 ","MXN",19.4796649,-99.1857844,50,2,1,1,1,"0","0","0","0","0","0","1","0","0","0","0","0","1","0"
28661757,"Tokio 100","Cuauhtémoc",6600,"Departamento","14,000,000 ","MXN",19.426753,-99.1618449,247,2,2,1,14,"0","0","0","0","0","1","1","0","0","0","0","0","0","0"
28691918,"Uxmal","Benito Juárez",3020,"Departamento","6,150,000 ","MXN",19.3919730315,-99.1548299789,109,3,2,1,1,"0","0","1","0","0","0","1","0","0","0","0","0","1","0"
28662410,"Vasco de Quiroga 3900","Cuajimalpa de Morelos",5320,"Departamento","9,000,000 ","MXN",19.3617203,-99.2834093,240,3,3,1,20,"0","0","0","0","1","1","0","1","0","0","0","0","1","0"
28019601,"Vasco de Quiroga 4309 #4309","Cuajimalpa de Morelos",5348,"Departamento","8,900,000 ","MXN",19.3563932,-99.2838601,175,3,4,3,10,"0","1","0","1","1","0","0","0","0","0","0","1","1","0"
28583528,"Victor Hugo","Benito Juárez",3303,"Departamento","3,950,000 ","MXN",19.3708514,-99.1501542,153,2,2,1,9,"0","0","1","0","0","0","0","0","1","0","0","0","0","0"
28685203,"Victor Hugo","Benito Juárez",3303,"Departamento","3,569,797 ","MXN",19.369945,-99.1415638,67,2,2,1,1,"0","1","0","1","0","0","1","0","0","0","0","0","1","0"
24668140,"ZARAGOZA  #838Int. 01","Venustiano Carranza",15750,"Departamento","1,831,875 ","MXN",19.4097834954258,-99.077646674469,53,2,1,5,1,"0","1","1","0","0","0","0","1","0","0","0","0","0","0"
