ID,calle_colo,delegacion,cp,tipo,precio,lat,lon,AREA_CONST,RECAMARAS,BANOS,No_de_piso,Edad_inmue,Jardin,Cisterna,Seguridad,Zona priva,Alberca,Lavanderí,Terraza,Gimnasio,Cuarto de,Chimenea,Sótano,Aire acond,Elevador,Urbanizado,CVE_ENT,CVE_MUN,CVE_LOC,CVE_AGEB,CVE_MZA,TIPOMZA,CVE_MZA1,CPV_VIVTOT,CPV_VPH_C_,CPV_VPH_AE,CPV_VPH_DR,CPV_VPH__1,CPV_Prop_e,CPV_Prop_a,CPV_Prop_d,CPV_Prop_s,InputID,Distance,CVEGEO,CVE_ENT_2,CVE_MUN_2,CVE_LOC_2,CVE_AGEB_2,PESO_A,PESO_B,PESO_C,PESO_D,I_A
28772737,ADOLFO PRIETO,Benito Juárez,3200,Casa en condominio,9500000,19.3768213,-99.1746778,165,3,4,4,1,FALSO,VERDADERO,VERDADERO,FALSO,FALSO,FALSO,FALSO,FALSO,FALSO,FALSO,FALSO,FALSO,FALSO,FALSO,9,14,verdadero,"0721",3,Típica,"01400010721003",319,277,277,277,277,86.8338558,86.8338558,86.8338558,86.8338558,99999999,5663.643806,"0901400010721","09","014","0001","0721",0.200,0.300,0.400,0.100,1.000
27804669,AV TOLUCA #411Int. 59,Álvaro Obregón,1780,Casa en condominio,7450000,19.3392293,-99.2189838,230,3,3,3,13,FALSO,VERDADERO,VERDADERO,FALSO,FALSO,VERDADERO,FALSO,FALSO,FALSO,FALSO,FALSO,FALSO,FALSO,FALSO,9,10,verdadero,"1171",49,Típica,"01000011171049",979,888,887,887,887,90.70480082,90.60265577,90.60265577,90.60265577,99999999,11204.00267,"0901000011171","09","010","0001","1171",0.200,0.300,0.000,0.100,0.600
28660612,Avenida Jesús del Monte 300,Cuajimalpa de Morelos,5260,Casa en condominio,4250000,19.3667284,-99.2934588,165,3,3,1,16,FALSO,FALSO,FALSO,FALSO,FALSO,VERDADERO,FALSO,FALSO,FALSO,FALSO,FALSO,FALSO,FALSO,FALSO,9,4,verdadero,"0301",1,Contenedora,"00400010301001",230,223,223,223,223,96.95652174,96.95652174,96.95652174,96.95652174,99999999,14919.43985,"0900400010301","09","004","0001","0301",0.200,0.300,0.000,0.000,0.500
28799275,Calle Latinos 82 #82,Benito Juárez,3510,Casa en condominio,6500000,19.39604482,-99.1328165,170,4,2,3,7,VERDADERO,VERDADERO,FALSO,VERDADERO,FALSO,FALSO,VERDADERO,FALSO,FALSO,FALSO,FALSO,FALSO,FALSO,FALSO,9,14,verdadero,"0153",1,Típica,"01400010153001",38,35,35,35,35,92.10526316,92.10526316,92.10526316,92.10526316,99999999,4967.195905,"0901400010153","09","014","0001","0153",0.200,0.300,0.400,0.100,1.000
28661094,Cerrada de Bezares 100,Miguel Hidalgo,11910,Casa en condominio,8900000,19.3909815,-99.2439166,190,3,2,1,16,FALSO,FALSO,FALSO,FALSO,FALSO,FALSO,FALSO,FALSO,FALSO,FALSO,FALSO,FALSO,FALSO,FALSO,9,16,verdadero,"1300",27,Típica,"01600011300027",55,31,31,31,31,56.36363636,56.36363636,56.36363636,56.36363636,99999999,9063.685248,"0901600011300","09","016","0001","1300",0.200,0.300,0.000,0.000,0.500
28661483,Cerrada del Olivarito 0 - 0,Álvaro Obregón,1780,Casa en condominio,16500000,19.3392293,-99.2189838,490,5,4,1,32,FALSO,FALSO,FALSO,FALSO,FALSO,FALSO,FALSO,FALSO,FALSO,FALSO,FALSO,FALSO,FALSO,FALSO,9,10,verdadero,"1171",49,Típica,"01000011171049",979,888,887,887,887,90.70480082,90.60265577,90.60265577,90.60265577,99999999,11204.00267,"0901000011171","09","010","0001","1171",0.200,0.300,0.000,0.100,0.600
28251712,GUADALUPE I RAMIREZ #5693,Xochimilco,16030,Casa en condominio,5600000,19.26939684,-99.12908707,133,2,2,2,10,FALSO,VERDADERO,VERDADERO,FALSO,FALSO,VERDADERO,FALSO,FALSO,FALSO,FALSO,FALSO,FALSO,FALSO,FALSO,9,13,verdadero,"0067",11,Típica,"01300010067011",50,45,45,45,45,90,90,90,90,99999999,17931.11682,"0901300010067","09","013","0001","0067",0.200,0.300,0.400,0.100,1.000
28756873,La Castañeda,Benito Juárez,3910,Casa en condominio,6490000,19.3723335,-99.1905974,142,3,3,3,11,FALSO,VERDADERO,VERDADERO,VERDADERO,FALSO,FALSO,FALSO,FALSO,FALSO,FALSO,FALSO,FALSO,FALSO,FALSO,9,14,verdadero,"0685",11,Típica,"01400010685011",38,37,37,37,37,97.36842105,97.36842105,97.36842105,97.36842105,99999999,6596.171831,"0901400010685","09","014","0001","0685",0.200,0.300,0.400,0.100,1.000
27285281,LA JOYA #233Int. 4,Tlalpan,14600,Casa en condominio,5750000,19.2790394,-99.1421561,236,3,3,2,1,FALSO,VERDADERO,VERDADERO,VERDADERO,FALSO,FALSO,VERDADERO,FALSO,FALSO,FALSO,FALSO,FALSO,FALSO,FALSO,9,12,verdadero,"1068",9,Típica,"01200011068009",140,127,127,127,127,90.71428571,90.71428571,90.71428571,90.71428571,99999999,16624.49463,"0901200011068","09","012","0001","1068",0.200,0.300,0.400,0.100,1.000
26639651,Paseo de las lilas #15,Cuajimalpa de Morelos,5120,Casa en condominio,28000000,19.39378622,-99.24604172,450,3,3,2,10,FALSO,VERDADERO,FALSO,VERDADERO,VERDADERO,FALSO,FALSO,VERDADERO,FALSO,FALSO,FALSO,FALSO,FALSO,FALSO,9,16,verdadero,"1300",12,Típica,"01600011300012",339,197,196,197,197,58.1120944,57.81710914,58.1120944,58.1120944,99999999,9133.171327,"0901600011300","09","016","0001","1300",0.200,0.300,0.000,0.000,0.500
28723724,20 de noviembre #69,Iztapalapa,9700,Casa,2870000,19.331612,-99.047386,251,4,3,1,39,FALSO,FALSO,FALSO,FALSO,FALSO,FALSO,FALSO,FALSO,FALSO,FALSO,FALSO,FALSO,FALSO,FALSO,9,7,verdadero,"3030",21,Típica,"00700013030021",39,37,30,37,37,94.87179487,76.92307692,94.87179487,94.87179487,99999999,16413.15733,"0900700013030","09","007","0001","3030",0.200,0.300,0.400,0.000,0.900
28660477,Av. San Jerónimo 1300,La Magdalena Contreras,10200,Casa,5900000,19.326137,-99.226107,215,3,2,1,29,FALSO,FALSO,FALSO,FALSO,FALSO,VERDADERO,FALSO,FALSO,FALSO,FALSO,FALSO,FALSO,FALSO,FALSO,9,8,verdadero,"0122",8,Típica,"00800010122008",34,34,34,34,34,100,100,100,100,99999999,12834.22193,"0900800010122","09","008","0001","0122",0.200,0.300,0.000,0.100,0.600
28625397,Ayuntamiento #191,Coyoacán,4310,Casa,11200000,19.34268791,-99.1698657,350,4,3,2,40,FALSO,VERDADERO,FALSO,VERDADERO,FALSO,FALSO,FALSO,FALSO,FALSO,FALSO,FALSO,FALSO,FALSO,FALSO,9,3,verdadero,"0272",25,Típica,"00300010272025",47,40,40,40,40,85.10638298,85.10638298,85.10638298,85.10638298,99999999,9384.862692,"0900300010272","09","003","0001","0272",0.200,0.300,0.400,0.100,1.000
28712309,_,La Magdalena Contreras,10500,Casa,6000000,19.3123673,-99.2353589,237,3,2,1,30,FALSO,FALSO,VERDADERO,FALSO,FALSO,FALSO,FALSO,FALSO,VERDADERO,FALSO,FALSO,FALSO,FALSO,FALSO,9,8,verdadero,025A,7,Típica,0080001025A007,155,144,144,144,144,92.90322581,92.90322581,92.90322581,92.90322581,99999999,14639.35425,090080001025A,"09","008","0001",025A,0.200,0.300,0.000,0.100,0.600
28666085,Calzada de las Águilas,Álvaro Obregón,1810,Casa,8200000,19.3812406,-99.2245579,297,3,2,2,1,FALSO,FALSO,FALSO,FALSO,FALSO,FALSO,FALSO,FALSO,FALSO,VERDADERO,FALSO,FALSO,FALSO,FALSO,9,10,verdadero,"1932",25,Típica,"01000011932025",21,21,21,21,21,100,100,100,100,99999999,7945.936468,"0901000011932","09","010","0001","1932",0.200,0.300,0.000,0.000,0.500
28101857,CAM A AHUANTECO,Cuajimalpa de Morelos,5000,Casa,7180000,19.3557507,-99.2993504,300,4,4,2,25,VERDADERO,FALSO,FALSO,FALSO,FALSO,VERDADERO,FALSO,FALSO,FALSO,FALSO,FALSO,FALSO,FALSO,FALSO,9,4,verdadero,"0091",3,Típica,"00400010091003",184,163,163,163,163,88.58695652,88.58695652,88.58695652,88.58695652,99999999,16039.84805,"0900400010091","09","004","0001","0091",0.200,0.300,0.000,0.000,0.500
28662419,Camino Real 5200,Álvaro Obregón,1700,Casa,18500000,19.3418937,-99.2245237,618,3,3,1,34,FALSO,FALSO,FALSO,FALSO,FALSO,VERDADERO,FALSO,FALSO,FALSO,VERDADERO,FALSO,FALSO,FALSO,FALSO,9,10,verdadero,"1171",55,Típica,"01000011171055",580,526,525,525,525,90.68965517,90.51724138,90.51724138,90.51724138,99999999,11251.54312,"0901000011171","09","010","0001","1171",0.200,0.300,0.000,0.100,0.600
28660275,Cerrada de las Fuentes 100a,Álvaro Obregón,1900,Casa,22890000,19.3205752,-99.2092897,513,4,4,1,26,FALSO,FALSO,VERDADERO,FALSO,FALSO,VERDADERO,FALSO,FALSO,FALSO,FALSO,FALSO,FALSO,FALSO,FALSO,9,10,verdadero,"1260",9,Típica,"01000011260009",66,58,55,58,58,87.87878788,83.33333333,87.87878788,87.87878788,99999999,12647.0057,"0901000011260","09","010","0001","1260",0.200,0.300,0.000,0.100,0.600
28715860,Cerrada Margaritas 40 #40,Álvaro Obregón,1030,Casa,9850000,19.3634128,-99.1783654,240,3,2,2,45,VERDADERO,VERDADERO,FALSO,FALSO,FALSO,FALSO,FALSO,FALSO,FALSO,FALSO,FALSO,FALSO,FALSO,FALSO,9,10,verdadero,"1006",20,Típica,"01000011006020",91,66,66,66,66,72.52747253,72.52747253,72.52747253,72.52747253,99999999,7190.91401,"0901000011006","09","010","0001","1006",0.200,0.300,0.400,0.100,1.000
28662761,Desierto de los Leones 4900,Álvaro Obregón,1700,Casa,15500000,19.3418937,-99.2245237,500,4,5,1,40,FALSO,FALSO,FALSO,FALSO,FALSO,VERDADERO,VERDADERO,FALSO,FALSO,FALSO,FALSO,FALSO,FALSO,FALSO,9,10,verdadero,"1171",55,Típica,"01000011171055",580,526,525,525,525,90.68965517,90.51724138,90.51724138,90.51724138,99999999,11251.54312,"0901000011171","09","010","0001","1171",0.200,0.300,0.000,0.100,0.600
28846897,Doctor Atl 280 #280,Cuauhtémoc,6400,Casa,9000000,19.4530315,-99.1556117,270,3,3,2,1,FALSO,FALSO,FALSO,FALSO,FALSO,FALSO,FALSO,FALSO,FALSO,FALSO,FALSO,FALSO,FALSO,FALSO,9,15,verdadero,"0470",2,Típica,"01500010470002",231,187,187,187,187,80.95238095,80.95238095,80.95238095,80.95238095,99999999,3063.103454,"0901500010470","09","015","0001","0470",0.200,0.300,0.400,0.100,1.000
28546746,,Coyoacán,4815,Casa,4690000,19.3156865,-99.1073581,280,4,4,1,1,FALSO,FALSO,FALSO,FALSO,FALSO,FALSO,VERDADERO,FALSO,FALSO,FALSO,FALSO,FALSO,FALSO,FALSO,9,3,verdadero,"1406",25,Típica,"00300011406025",43,40,40,40,40,93.02325581,93.02325581,93.02325581,93.02325581,99999999,13846.99511,"0900300011406","09","003","0001","1406",0.200,0.300,0.400,0.000,0.900
28831015,Encino Grande 180 #180,Álvaro Obregón,1700,Casa,9600000,19.3396228,-99.2270986,301,3,5,2,1,FALSO,FALSO,FALSO,FALSO,FALSO,FALSO,FALSO,FALSO,VERDADERO,FALSO,FALSO,FALSO,FALSO,FALSO,9,10,verdadero,"1858",30,Típica,"01000011858030",947,904,899,904,904,95.4593453,94.9313622,95.4593453,95.4593453,99999999,11609.62154,"0901000011858","09","010","0001","1858",0.200,0.300,0.000,0.100,0.600
28661936,Fuente de la Luz 100,Tlalpan,14140,Casa,24900000,19.3057082,-99.2266013,1150,5,4,1,20,FALSO,FALSO,FALSO,FALSO,FALSO,FALSO,VERDADERO,FALSO,FALSO,FALSO,FALSO,FALSO,FALSO,FALSO,9,12,verdadero,"0017",6,Típica,"01200010017006",23,21,21,21,21,91.30434783,91.30434783,91.30434783,91.30434783,99999999,14872.51312,"0901200010017","09","012","0001","0017",0.200,0.300,0.000,0.000,0.500
28659940,Granada 100,Xochimilco,16100,Casa,4300000,19.2553281,-99.1303962,291,4,2,1,25,FALSO,FALSO,FALSO,FALSO,FALSO,FALSO,FALSO,FALSO,FALSO,FALSO,FALSO,FALSO,FALSO,FALSO,9,13,verdadero,"0298",4,Típica,"01300010298004",311,282,276,283,282,90.67524116,88.74598071,90.99678457,90.67524116,99999999,19425.91885,"0901300010298","09","013","0001","0298",0.200,0.300,0.000,0.100,0.600
28778690,,Gustavo A. Madero,7800,Casa,5950000,19.4700849,-99.1297611,246,4,3,1,1,FALSO,FALSO,FALSO,FALSO,FALSO,FALSO,FALSO,FALSO,FALSO,FALSO,FALSO,FALSO,FALSO,FALSO,9,5,verdadero,"1580",22,Típica,"00500011580022",43,38,38,38,38,88.37209302,88.37209302,88.37209302,88.37209302,99999999,6107.844876,"0900500011580","09","005","0001","1580",0.200,0.300,0.400,0.100,1.000
28625645,,Gustavo A. Madero,7300,Casa,15789000,19.4902084,-99.124236,519,12,8,1,1,FALSO,FALSO,FALSO,FALSO,FALSO,FALSO,FALSO,FALSO,FALSO,FALSO,FALSO,FALSO,FALSO,FALSO,9,5,verdadero,"0968",3,Típica,"00500010968003",43,35,35,35,35,81.39534884,81.39534884,81.39534884,81.39534884,99999999,8254.727299,"0900500010968","09","005","0001","0968",0.200,0.300,0.400,0.000,0.900
28631858,Lomas Altas,Miguel Hidalgo,11950,Casa,53000000,19.4005953,-99.2279876,448,4,3,1,1,FALSO,FALSO,FALSO,FALSO,FALSO,FALSO,FALSO,FALSO,FALSO,FALSO,FALSO,FALSO,FALSO,FALSO,9,16,verdadero,"1283",5,Típica,"01600011283005",473,171,171,171,171,36.15221987,36.15221987,36.15221987,36.15221987,99999999,7094.748769,"0901600011283","09","016","0001","1283",0.200,0.300,0.400,0.000,0.900
28722938,MIGUEL LERDO DE TEJADA #268,Álvaro Obregón,1020,Casa,22500000,19.353556,-99.18615,750,7,4,1,1,FALSO,FALSO,FALSO,FALSO,FALSO,FALSO,FALSO,FALSO,FALSO,FALSO,FALSO,FALSO,FALSO,FALSO,9,10,verdadero,"1059",23,Típica,"01000011059023",41,33,33,33,33,80.48780488,80.48780488,80.48780488,80.48780488,99999999,8428.754588,"0901000011059","09","010","0001","1059",0.200,0.300,0.400,0.100,1.000
28662554,Montaña 400,Coyoacán,4500,Casa,20500000,19.3079512,-99.1968277,955,3,5,1,41,FALSO,FALSO,FALSO,FALSO,VERDADERO,FALSO,VERDADERO,FALSO,FALSO,FALSO,FALSO,FALSO,FALSO,FALSO,9,3,verdadero,"1105",9,Típica,"00300011105009",4,4,4,4,4,100,100,100,100,99999999,13599.05759,"0900300011105","09","003","0001","1105",0.200,0.300,0.400,0.100,1.000
27427313,Naranjos 16 #16,La Magdalena Contreras,10400,Casa,8250000,19.3187812,-99.2282531,400,4,3,2,45,FALSO,VERDADERO,FALSO,VERDADERO,FALSO,FALSO,FALSO,FALSO,FALSO,VERDADERO,FALSO,FALSO,FALSO,FALSO,9,8,verdadero,018A,9,Típica,0080001018A009,19,18,18,18,18,94.73684211,94.73684211,94.73684211,94.73684211,99999999,13656.76201,090080001018A,"09","008","0001",018A,0.200,0.300,0.000,0.100,0.600
28762827,,Álvaro Obregón,1780,Casa,6600000,19.3409349,-99.205763,203,3,2,1,1,FALSO,FALSO,FALSO,FALSO,FALSO,FALSO,FALSO,FALSO,FALSO,FALSO,FALSO,FALSO,FALSO,FALSO,9,10,verdadero,"1222",16,Típica,"01000011222016",58,56,56,56,56,96.55172414,96.55172414,96.55172414,96.55172414,99999999,10417.92031,"0901000011222","09","010","0001","1222",0.200,0.300,0.000,0.100,0.600
27586526,Paseo del Rocio Lomas de Vista Hermosa,Cuajimalpa de Morelos,5100,Casa,10500000,19.3763601,-99.2684457,319,4,4,3,50,FALSO,FALSO,VERDADERO,VERDADERO,FALSO,FALSO,FALSO,FALSO,FALSO,FALSO,FALSO,FALSO,FALSO,FALSO,9,4,verdadero,"0049",1,Típica,"00400010049001",332,310,309,310,310,93.37349398,93.07228916,93.37349398,93.37349398,99999999,12095.32881,"0900400010049","09","004","0001","0049",0.200,0.300,0.000,0.000,0.500
23701112,PEDREGAL DE SAN FRANCISCO,Coyoacán,4320,Casa,12850000,19.3388046,-99.1691413,306,1,3,1,33,FALSO,FALSO,FALSO,FALSO,FALSO,FALSO,FALSO,FALSO,FALSO,FALSO,FALSO,FALSO,FALSO,FALSO,9,3,verdadero,"0431",16,Típica,"00300010431016",17,15,15,15,15,88.23529412,88.23529412,88.23529412,88.23529412,99999999,9812.124085,"0900300010431","09","003","0001","0431",0.200,0.300,0.400,0.000,0.900
23965760,PEDREGAL DE SAN FRANCISCO,Coyoacán,4320,Casa,29900000,19.3388046,-99.1691413,564,4,3,2,40,FALSO,VERDADERO,FALSO,VERDADERO,FALSO,FALSO,FALSO,FALSO,FALSO,VERDADERO,FALSO,FALSO,FALSO,FALSO,9,3,verdadero,"0431",16,Típica,"00300010431016",17,15,15,15,15,88.23529412,88.23529412,88.23529412,88.23529412,99999999,9812.124085,"0900300010431","09","003","0001","0431",0.200,0.300,0.400,0.000,0.900
27926439,Pino,Álvaro Obregón,1030,Casa,24900000,19.36299056,-99.17650252,326,3,3,2,13,VERDADERO,VERDADERO,FALSO,FALSO,FALSO,FALSO,FALSO,FALSO,FALSO,VERDADERO,FALSO,FALSO,FALSO,FALSO,9,10,verdadero,"1006",18,Típica,"01000011006018",22,19,19,19,19,86.36363636,86.36363636,86.36363636,86.36363636,99999999,7206.230795,"0901000011006","09","010","0001","1006",0.200,0.300,0.400,0.100,1.000
28567032,Plaza rio san carlos,Iztapalapa,9030,Casa,11000000,19.3872562,-99.0889919,300,6,4,1,1,VERDADERO,FALSO,FALSO,FALSO,FALSO,FALSO,VERDADERO,FALSO,VERDADERO,FALSO,FALSO,FALSO,FALSO,FALSO,9,7,verdadero,"0093",11,Típica,"00700010093011",116,107,107,107,107,92.24137931,92.24137931,92.24137931,92.24137931,99999999,9287.868495,"0900700010093","09","007","0001","0093",0.200,0.300,0.400,0.100,1.000
28651106,Primer Retorno de Sierra Itambe,Miguel Hidalgo,11700,Casa,52000000,19.3914119,-99.265523,1200,3,4,1,20,VERDADERO,FALSO,VERDADERO,FALSO,FALSO,FALSO,FALSO,FALSO,VERDADERO,FALSO,FALSO,FALSO,FALSO,FALSO,9,4,verdadero,"0176",16,Contenedora,"00400010176016",487,473,464,467,466,97.12525667,95.27720739,95.89322382,95.68788501,99999999,11124.71562,"0900400010176","09","004","0001","0176",0.200,0.300,0.000,0.000,0.500
28651107,Primer Retorno de Sierra Itambe,Miguel Hidalgo,11920,Casa,52000000,19.3963452,-99.2397156,1200,3,4,1,20,VERDADERO,FALSO,VERDADERO,FALSO,FALSO,FALSO,FALSO,FALSO,VERDADERO,FALSO,FALSO,FALSO,FALSO,FALSO,9,16,verdadero,"1300",14,Típica,"01600011300014",90,68,68,68,68,75.55555556,75.55555556,75.55555556,75.55555556,99999999,8410.923839,"0901600011300","09","016","0001","1300",0.200,0.300,0.000,0.000,0.500
21872833,Renovación,Iztapalapa,9209,Casa,2100000,19.37135692,-99.04867887,250,6,3,1,31,FALSO,FALSO,FALSO,FALSO,FALSO,FALSO,FALSO,FALSO,FALSO,FALSO,FALSO,FALSO,FALSO,FALSO,9,7,verdadero,465A,13,Típica,0070001465A013,36,36,36,36,36,100,100,100,100,99999999,13856.869,090070001465A,"09","007","0001",465A,0.200,0.300,0.000,0.100,0.600
28545932,Residencial Emperadores,Benito Juárez,3320,Casa,18000000,19.3703949,-99.1546152,530,10,6,1,1,FALSO,FALSO,FALSO,FALSO,FALSO,FALSO,FALSO,FALSO,FALSO,FALSO,FALSO,FALSO,FALSO,FALSO,9,14,verdadero,"0774",25,Típica,"01400010774025",99,84,84,84,84,84.84848485,84.84848485,84.84848485,84.84848485,99999999,6436.687947,"0901400010774","09","014","0001","0774",0.200,0.300,0.400,0.100,1.000
28662434,Retorno 100 del Tepozteco 43,Tlalpan,14608,Casa,19900000,19.2780601,-99.146999,480,4,4,1,5,FALSO,FALSO,FALSO,FALSO,FALSO,VERDADERO,VERDADERO,VERDADERO,FALSO,VERDADERO,FALSO,FALSO,FALSO,FALSO,9,12,verdadero,"2121",21,Contenedora,"01200012121021",1175,1081,815,1081,1079,92,69.36170213,92,91.82978723,99999999,16660.97545,"0901200012121","09","012","0001","2121",0.200,0.300,0.400,0.100,1.000
28566972,San Angel,Álvaro Obregón,1000,Casa,49000000,19.3454236,-99.1936871,750,4,4,1,9,VERDADERO,FALSO,VERDADERO,FALSO,FALSO,FALSO,VERDADERO,FALSO,VERDADERO,FALSO,FALSO,FALSO,FALSO,FALSO,9,10,verdadero,"1129",3,Típica,"01000011129003",33,26,26,26,26,78.78787879,78.78787879,78.78787879,78.78787879,99999999,9510.388218,"0901000011129","09","010","0001","1129",0.200,0.300,0.400,0.100,1.000
27905272,san francisco  #34,La Magdalena Contreras,10200,Casa,7999980,19.326137,-99.226107,224,3,3,2,9,FALSO,VERDADERO,FALSO,VERDADERO,FALSO,FALSO,FALSO,VERDADERO,FALSO,FALSO,FALSO,FALSO,FALSO,FALSO,9,8,verdadero,"0122",8,Típica,"00800010122008",34,34,34,34,34,100,100,100,100,99999999,12834.22193,"0900800010122","09","008","0001","0122",0.200,0.300,0.000,0.100,0.600
25032574,Santiago Rebull,Benito Juárez,3910,Casa,6950000,19.3718577,-99.1904438,146,2,2,1,1,FALSO,FALSO,FALSO,FALSO,FALSO,FALSO,VERDADERO,FALSO,FALSO,FALSO,FALSO,FALSO,FALSO,FALSO,9,14,verdadero,"0685",16,Típica,"01400010685016",37,34,34,34,34,91.89189189,91.89189189,91.89189189,91.89189189,99999999,6638.793199,"0901400010685","09","014","0001","0685",0.200,0.300,0.400,0.100,1.000
26093789,Sierra Ixtlán,Miguel Hidalgo,11000,Casa,33000000,19.4091243,-99.22578402,509,7,4,3,40,FALSO,VERDADERO,FALSO,FALSO,FALSO,FALSO,FALSO,FALSO,FALSO,FALSO,FALSO,FALSO,FALSO,FALSO,9,16,verdadero,"1052",28,Típica,"01600011052028",18,16,16,16,16,88.88888889,88.88888889,88.88888889,88.88888889,99999999,6533.775375,"0901600011052","09","016","0001","1052",0.200,0.300,0.000,0.000,0.500
28062807,Sierra Ventana,Miguel Hidalgo,11000,Casa,60000000,19.4259355,-99.2211701,1052,3,3,1,35,VERDADERO,FALSO,VERDADERO,FALSO,FALSO,FALSO,FALSO,FALSO,VERDADERO,FALSO,FALSO,FALSO,FALSO,FALSO,9,16,verdadero,"0868",1,Típica,"01600010868001",16,14,14,14,14,87.5,87.5,87.5,87.5,99999999,5729.691169,"0901600010868","09","016","0001","0868",0.200,0.300,0.000,0.100,0.600
28232776,TOWN HOUSE CON ROOF PRIVADO EN CONDOMINIO DE 4 VECINOS,Cuauhtémoc,6760,Casa,11305350,19.405299,-99.1649891,143,3,2,3,1,FALSO,VERDADERO,FALSO,VERDADERO,FALSO,FALSO,VERDADERO,FALSO,FALSO,FALSO,FALSO,FALSO,FALSO,FALSO,9,15,verdadero,145A,8,Típica,0150001145A008,22,20,20,20,20,90.90909091,90.90909091,90.90909091,90.90909091,99999999,2453.982202,090150001145A,"09","015","0001",145A,0.200,0.000,0.400,0.100,0.700
28610397,_,Benito Juárez,3104,Departamento,7000000,19.3679403,-99.169486,103,2,2,1,1,FALSO,FALSO,VERDADERO,FALSO,FALSO,FALSO,FALSO,FALSO,FALSO,FALSO,FALSO,FALSO,VERDADERO,FALSO,9,14,verdadero,"0810",5,Típica,"01400010810005",309,290,290,290,290,93.85113269,93.85113269,93.85113269,93.85113269,99999999,6590.184597,"0901400010810","09","014","0001","0810",0.200,0.300,0.400,0.100,1.000
28684820,Adolfo López Mateos #1753,Álvaro Obregón,1600,Departamento,4750000,19.36614987,-99.19158541,71,2,2,1,1,FALSO,FALSO,FALSO,VERDADERO,VERDADERO,FALSO,FALSO,VERDADERO,FALSO,FALSO,FALSO,FALSO,VERDADERO,FALSO,9,10,verdadero,"0845",15,Típica,"01000010845015",24,20,20,20,20,83.33333333,83.33333333,83.33333333,83.33333333,99999999,7270.380615,"0901000010845","09","010","0001","0845",0.200,0.300,0.400,0.100,1.000
16052498,Amores,Benito Juárez,3103,Departamento,4950000,19.396264,-99.1636594,97,2,2,1,5,FALSO,FALSO,VERDADERO,FALSO,FALSO,FALSO,FALSO,FALSO,FALSO,FALSO,FALSO,FALSO,FALSO,FALSO,9,14,verdadero,"0242",6,Típica,"01400010242006",266,227,227,227,227,85.33834586,85.33834586,85.33834586,85.33834586,99999999,3462.166539,"0901400010242","09","014","0001","0242",0.200,0.000,0.400,0.100,0.700
27923503,Anaxagoras,Benito Juárez,3020,Departamento,6725000,19.38822,-99.157526,109,2,2,1,1,FALSO,FALSO,VERDADERO,FALSO,FALSO,FALSO,VERDADERO,FALSO,FALSO,FALSO,FALSO,FALSO,VERDADERO,FALSO,9,14,verdadero,"0261",22,Típica,"01400010261022",204,165,165,165,165,80.88235294,80.88235294,80.88235294,80.88235294,99999999,4442.712411,"0901400010261","09","014","0001","0261",0.200,0.000,0.400,0.100,0.700
28830906,Anillo Periférico 4091 #4091,Tlalpan,14140,Departamento,3600000,19.3083681,-99.218957,108,3,2,4,1,FALSO,FALSO,FALSO,FALSO,FALSO,FALSO,FALSO,FALSO,FALSO,FALSO,FALSO,FALSO,FALSO,FALSO,9,12,verdadero,"2066",1,Contenedora,"01200012066001",42,34,33,34,34,80.95238095,78.57142857,80.95238095,80.95238095,99999999,14278.30875,"0901200012066","09","012","0001","2066",0.200,0.300,0.000,0.000,0.500
28720572,Av. Acueducto #757,Gustavo A. Madero,7369,Departamento,4664847,19.50162,-99.12123,96,3,2,1,1,FALSO,FALSO,FALSO,FALSO,FALSO,FALSO,FALSO,FALSO,FALSO,FALSO,FALSO,FALSO,FALSO,FALSO,9,5,verdadero,"0756",11,Típica,"00500010756011",198,63,62,63,63,31.81818182,31.31313131,31.81818182,31.81818182,99999999,9497.743536,"0900500010756","09","005","0001","0756",0.200,0.300,0.400,0.000,0.900
28667132,Av. Acueducto de Guadalupe 600,Gustavo A. Madero,7010,Departamento,2240000,19.4977577,-99.113797,74,2,1,1,1,FALSO,FALSO,FALSO,FALSO,FALSO,FALSO,VERDADERO,FALSO,FALSO,FALSO,FALSO,FALSO,FALSO,FALSO,9,5,verdadero,"0987",9,Típica,"00500010987009",84,80,80,80,80,95.23809524,95.23809524,95.23809524,95.23809524,99999999,9561.204815,"0900500010987","09","005","0001","0987",0.200,0.300,0.400,0.000,0.900
28662125,Av. Amsterdam 200,Cuauhtémoc,6100,Departamento,9300000,19.4093682,-99.1719095,140,2,2,1,44,FALSO,FALSO,FALSO,FALSO,FALSO,FALSO,FALSO,FALSO,FALSO,FALSO,FALSO,FALSO,VERDADERO,FALSO,9,15,verdadero,"1341",16,Típica,"01500011341016",113,83,83,83,83,73.45132743,73.45132743,73.45132743,73.45132743,99999999,2072.84549,"0901500011341","09","015","0001","1341",0.200,0.300,0.400,0.100,1.000
28723693,AV. CHAPULTEPEC #139,Cuauhtémoc,6040,Departamento,2325300,19.42707,-99.15154,31,1,1,1,1,FALSO,FALSO,FALSO,FALSO,FALSO,FALSO,FALSO,FALSO,FALSO,FALSO,FALSO,FALSO,FALSO,FALSO,9,15,verdadero,"0860",12,Típica,"01500010860012",105,80,79,80,80,76.19047619,75.23809524,76.19047619,76.19047619,99999999,1585.693532,"0901500010860","09","015","0001","0860",0.200,0.300,0.400,0.100,1.000
28661744,Av. Cuauhtémoc,Cuauhtémoc,6720,Departamento,3179410,19.4179232,-99.1483827,44,1,1,1,1,FALSO,FALSO,VERDADERO,FALSO,FALSO,FALSO,FALSO,FALSO,FALSO,FALSO,FALSO,FALSO,VERDADERO,FALSO,9,15,verdadero,113A,19,Contenedora,0150001113A019,251,234,234,234,234,93.22709163,93.22709163,93.22709163,93.22709163,99999999,2185.819655,090150001113A,"09","015","0001",113A,0.200,0.300,0.400,0.100,1.000
28661744,Av. Cuauhtémoc,Cuauhtémoc,6720,Departamento,3179410,19.4179232,-99.1483827,44,1,1,1,1,FALSO,FALSO,VERDADERO,FALSO,FALSO,FALSO,FALSO,FALSO,FALSO,FALSO,FALSO,FALSO,VERDADERO,FALSO,9,15,verdadero,113A,28,Contenida,0150001113A028,10,9,9,9,9,90,90,90,90,99999999,2185.819655,090150001113A,"09","015","0001",113A,0.200,0.300,0.400,0.100,1.000
28661763,Av. Cuauhtémoc,Cuauhtémoc,6720,Departamento,4340000,19.4179232,-99.1483827,46,1,1,1,1,FALSO,FALSO,VERDADERO,FALSO,FALSO,FALSO,VERDADERO,FALSO,FALSO,FALSO,FALSO,FALSO,VERDADERO,FALSO,9,15,verdadero,113A,19,Contenedora,0150001113A019,251,234,234,234,234,93.22709163,93.22709163,93.22709163,93.22709163,99999999,2185.819655,090150001113A,"09","015","0001",113A,0.200,0.300,0.400,0.100,1.000
28661763,Av. Cuauhtémoc,Cuauhtémoc,6720,Departamento,4340000,19.4179232,-99.1483827,46,1,1,1,1,FALSO,FALSO,VERDADERO,FALSO,FALSO,FALSO,VERDADERO,FALSO,FALSO,FALSO,FALSO,FALSO,VERDADERO,FALSO,9,15,verdadero,113A,28,Contenida,0150001113A028,10,9,9,9,9,90,90,90,90,99999999,2185.819655,090150001113A,"09","015","0001",113A,0.200,0.300,0.400,0.100,1.000
28534758,Av. Pdte. Plutarco Elías Calles,Iztacalco,8400,Departamento,2409000,19.3973842,-99.1014971,48,2,1,1,3,FALSO,FALSO,VERDADERO,FALSO,FALSO,FALSO,FALSO,FALSO,FALSO,FALSO,FALSO,FALSO,VERDADERO,FALSO,9,6,verdadero,"0132",15,Típica,"00600010132015",155,132,132,132,132,85.16129032,85.16129032,85.16129032,85.16129032,99999999,7606.165108,"0900600010132","09","006","0001","0132",0.200,0.300,0.400,0.100,1.000
26974570,Av. Revolución #1014,Benito Juárez,3900,Departamento,5365000,19.3699788,-99.1881409,83,2,2,2,1,FALSO,FALSO,FALSO,FALSO,FALSO,FALSO,FALSO,FALSO,FALSO,FALSO,FALSO,FALSO,VERDADERO,FALSO,9,14,verdadero,"0897",20,Típica,"01400010897020",63,56,56,56,56,88.88888889,88.88888889,88.88888889,88.88888889,99999999,6747.12226,"0901400010897","09","014","0001","0897",0.200,0.300,0.400,0.100,1.000
27970188,Av. Revolución,Benito Juárez,3900,Departamento,5260000,19.3650779,-99.1886518,112,3,2,1,17,FALSO,FALSO,VERDADERO,FALSO,FALSO,FALSO,FALSO,FALSO,FALSO,FALSO,FALSO,FALSO,VERDADERO,FALSO,9,14,verdadero,090A,12,Típica,0140001090A012,84,75,75,75,75,89.28571429,89.28571429,89.28571429,89.28571429,99999999,7277.482941,090140001090A,"09","014","0001",090A,0.200,0.300,0.400,0.100,1.000
28660389,Av Toluca 1000,Álvaro Obregón,1170,Departamento,4500000,19.3891663,-99.2072126,96,2,2,1,7,FALSO,FALSO,VERDADERO,FALSO,FALSO,FALSO,FALSO,VERDADERO,FALSO,FALSO,FALSO,FALSO,FALSO,FALSO,9,10,verdadero,021A,4,Típica,0100001021A004,43,39,39,39,39,90.69767442,90.69767442,90.69767442,90.69767442,99999999,6007.427758,090100001021A,"09","010","0001",021A,0.200,0.300,0.000,0.000,0.500
27780598,Av Wilfrido Massieu 326 #326,Gustavo A. Madero,7739,Departamento,4650000,19.4969567,-99.1428174,150,3,2,4,20,FALSO,FALSO,FALSO,FALSO,FALSO,FALSO,FALSO,FALSO,FALSO,FALSO,FALSO,FALSO,FALSO,FALSO,9,5,verdadero,"0934",17,Típica,"00500010934017",48,44,44,44,44,91.66666667,91.66666667,91.66666667,91.66666667,99999999,8094.380646,"0900500010934","09","005","0001","0934",0.200,0.300,0.400,0.100,1.000
28215693,Avenida Coyoacan 1129 #1129,Benito Juárez,3100,Departamento,4491290,19.3772451,-99.169755,71,2,2,1,1,FALSO,VERDADERO,FALSO,VERDADERO,FALSO,FALSO,FALSO,FALSO,FALSO,FALSO,FALSO,FALSO,VERDADERO,FALSO,9,14,verdadero,"0740",6,Típica,"01400010740006",99,90,90,90,90,90.90909091,90.90909091,90.90909091,90.90909091,99999999,5563.029242,"0901400010740","09","014","0001","0740",0.200,0.300,0.400,0.100,1.000
28587402,Avenida de la Industria 82 #82,Venustiano Carranza,15530,Departamento,2020000,19.4351639,-99.1032271,56,2,1,1,9,FALSO,VERDADERO,FALSO,VERDADERO,FALSO,VERDADERO,FALSO,FALSO,FALSO,FALSO,FALSO,FALSO,FALSO,FALSO,9,17,verdadero,"0441",14,Típica,"01700010441014",627,532,531,532,532,84.84848485,84.68899522,84.84848485,84.84848485,99999999,6713.972112,"0901700010441","09","017","0001","0441",0.200,0.300,0.400,0.100,1.000
28661559,Avenida Insurgentes Sur 2300,Álvaro Obregón,1090,Departamento,5200000,19.3376147,-99.194878,74,2,2,1,5,FALSO,FALSO,FALSO,FALSO,VERDADERO,FALSO,FALSO,FALSO,FALSO,FALSO,FALSO,FALSO,FALSO,FALSO,9,10,verdadero,"1241",13,Típica,"01000011241013",117,107,107,107,107,91.45299145,91.45299145,91.45299145,91.45299145,99999999,10373.64258,"0901000011241","09","010","0001","1241",0.200,0.300,0.400,0.100,1.000
28072809,Avenida Mexico 359 #359,Cuajimalpa de Morelos,5270,Departamento,4100000,19.3660547,-99.2985273,123,3,2,1,7,FALSO,VERDADERO,FALSO,VERDADERO,VERDADERO,FALSO,FALSO,VERDADERO,FALSO,FALSO,FALSO,FALSO,VERDADERO,FALSO,9,4,verdadero,"0299",17,Típica,"00400010299017",275,177,177,177,177,64.36363636,64.36363636,64.36363636,64.36363636,99999999,15429.38984,"0900400010299","09","004","0001","0299",0.200,0.300,0.000,0.000,0.500
28662029,Avenida Nuevo León 300,Cuauhtémoc,6100,Departamento,6811411,19.4093682,-99.1719095,91,2,2,1,1,FALSO,FALSO,FALSO,FALSO,FALSO,FALSO,FALSO,FALSO,FALSO,FALSO,FALSO,FALSO,VERDADERO,FALSO,9,15,verdadero,"1341",16,Típica,"01500011341016",113,83,83,83,83,73.45132743,73.45132743,73.45132743,73.45132743,99999999,2072.84549,"0901500011341","09","015","0001","1341",0.200,0.300,0.400,0.100,1.000
28753331,Bahía de Todos los Santos,Miguel Hidalgo,11300,Departamento,4900000,19.4340235,-99.172753,147,3,1,1,1,FALSO,FALSO,FALSO,FALSO,FALSO,FALSO,FALSO,FALSO,FALSO,FALSO,FALSO,FALSO,FALSO,FALSO,9,16,verdadero,"0603",13,Típica,"01600010603013",38,33,33,33,33,86.84210526,86.84210526,86.84210526,86.84210526,99999999,973.8776303,"0901600010603","09","016","0001","0603",0.200,0.300,0.000,0.100,0.600
28426198,Baja California,Cuauhtémoc,6760,Departamento,5400000,19.4066211,-99.1587243,125,4,2,1,64,FALSO,FALSO,FALSO,FALSO,FALSO,FALSO,FALSO,FALSO,VERDADERO,FALSO,FALSO,FALSO,FALSO,FALSO,9,15,verdadero,"1479",18,Típica,"01500011479018",125,112,110,111,111,89.6,88,88.8,88.8,99999999,2446.894058,"0901500011479","09","015","0001","1479",0.200,0.000,0.400,0.100,0.700
28646180,Blvd. Adolfo López Mateos,Álvaro Obregón,1010,Departamento,5090000,19.3601153,-99.1930527,76,2,2,1,1,FALSO,FALSO,VERDADERO,FALSO,VERDADERO,FALSO,FALSO,VERDADERO,FALSO,FALSO,FALSO,FALSO,VERDADERO,FALSO,9,10,verdadero,"0972",12,Típica,"01000010972012",156,21,21,21,21,13.46153846,13.46153846,13.46153846,13.46153846,99999999,7949.643079,"0901000010972","09","010","0001","0972",0.200,0.300,0.400,0.100,1.000
28243385,Bordo #85,Coyoacán,4980,Departamento,4520000,19.30707244,-99.13830951,88,2,2,5,6,FALSO,VERDADERO,FALSO,FALSO,VERDADERO,FALSO,FALSO,VERDADERO,FALSO,FALSO,FALSO,FALSO,VERDADERO,FALSO,9,3,verdadero,"1410",3,Típica,"00300011410003",327,300,300,300,300,91.74311927,91.74311927,91.74311927,91.74311927,99999999,13649.54464,"0900300011410","09","003","0001","1410",0.200,0.300,0.400,0.100,1.000
28662122,Bosque de Canelos 200,Cuajimalpa de Morelos,5120,Departamento,10500000,19.3904162,-99.2550003,286,3,3,1,38,FALSO,FALSO,FALSO,FALSO,FALSO,VERDADERO,FALSO,FALSO,FALSO,VERDADERO,FALSO,FALSO,VERDADERO,FALSO,9,4,verdadero,"0180",7,Contenedora,"00400010180007",1168,1074,1065,1072,1071,91.95205479,91.18150685,91.78082192,91.69520548,99999999,10144.62561,"0900400010180","09","004","0001","0180",0.200,0.300,0.000,0.000,0.500
28603430,Boulevard Adolfo Lopez Mateos #1753,Álvaro Obregón,1600,Departamento,4950000,19.36770862,-99.1916176,71,2,2,1,1,FALSO,FALSO,FALSO,FALSO,VERDADERO,FALSO,VERDADERO,VERDADERO,FALSO,FALSO,FALSO,FALSO,VERDADERO,FALSO,9,10,verdadero,"0845",18,Típica,"01000010845018",37,34,34,34,34,91.89189189,91.89189189,91.89189189,91.89189189,99999999,7110.948295,"0901000010845","09","010","0001","0845",0.200,0.300,0.400,0.100,1.000
28662411,Boulevard Adolfo López Mateos 2000,Álvaro Obregón,1010,Departamento,5450000,19.3566227,-99.2099821,80,2,2,1,2,FALSO,FALSO,FALSO,FALSO,VERDADERO,FALSO,VERDADERO,VERDADERO,FALSO,FALSO,FALSO,FALSO,FALSO,FALSO,9,10,verdadero,"0949",23,Típica,"01000010949023",21,20,20,20,20,95.23809524,95.23809524,95.23809524,95.23809524,99999999,9063.052533,"0901000010949","09","010","0001","0949",0.200,0.300,0.000,0.000,0.500
25811264,C. Maestro Antonio Caso No. 19,Cuauhtémoc,6030,Departamento,4605553,19.434088,-99.155107,33,1,1,1,1,FALSO,FALSO,FALSO,FALSO,FALSO,FALSO,FALSO,VERDADERO,FALSO,FALSO,FALSO,FALSO,VERDADERO,FALSO,9,15,verdadero,070A,10,Típica,0150001070A010,10,10,10,10,10,100,100,100,100,99999999,1418.325259,090150001070A,"09","015","0001",070A,0.200,0.300,0.400,0.100,1.000
28839172,Calle Nogal 187B #187B,Cuauhtémoc,6400,Departamento,4000000,19.4505205,-99.1630369,66,1,2,1,9,VERDADERO,VERDADERO,VERDADERO,FALSO,FALSO,FALSO,FALSO,FALSO,FALSO,FALSO,FALSO,FALSO,FALSO,FALSO,9,15,verdadero,"0466",5,Típica,"01500010466005",147,135,133,135,135,91.83673469,90.47619048,91.83673469,91.83673469,99999999,2585.755273,"0901500010466","09","015","0001","0466",0.200,0.300,0.000,0.100,0.600
28661993,Calle Pennsylvania 300,Benito Juárez,3840,Departamento,4950000,19.3877638,-99.1767541,114,3,2,1,40,FALSO,FALSO,FALSO,FALSO,FALSO,VERDADERO,FALSO,FALSO,FALSO,FALSO,FALSO,FALSO,FALSO,FALSO,9,14,verdadero,"0384",20,Típica,"01400010384020",221,188,188,188,188,85.0678733,85.0678733,85.0678733,85.0678733,99999999,4515.846192,"0901400010384","09","014","0001","0384",0.200,0.300,0.400,0.100,1.000
28794375,Calzada de Guadalupe #90,Cuauhtémoc,6220,Departamento,3300000,19.461417,-99.1331631,120,2,2,3,1,FALSO,FALSO,VERDADERO,FALSO,FALSO,FALSO,FALSO,FALSO,FALSO,FALSO,FALSO,FALSO,FALSO,FALSO,9,15,verdadero,"0023",4,Típica,"01500010023004",54,47,46,47,47,87.03703704,85.18518519,87.03703704,87.03703704,99999999,5150.08006,"0901500010023","09","015","0001","0023",0.200,0.300,0.400,0.100,1.000
28769251,Calzada de los Tenorios 150 #150Int. C504,Tlalpan,14326,Departamento,1795000,19.29436417,-99.11713529,75,3,1,5,35,FALSO,FALSO,FALSO,FALSO,FALSO,FALSO,FALSO,FALSO,FALSO,FALSO,FALSO,FALSO,FALSO,FALSO,9,12,verdadero,"1941",30,Contenida,"01200011941030",20,19,19,19,19,95,95,95,95,99999999,15619.17099,"0901200011941","09","012","0001","1941",0.200,0.300,0.400,0.000,0.900
28769251,Calzada de los Tenorios 150 #150Int. C504,Tlalpan,14326,Departamento,1795000,19.29436417,-99.11713529,75,3,1,5,35,FALSO,FALSO,FALSO,FALSO,FALSO,FALSO,FALSO,FALSO,FALSO,FALSO,FALSO,FALSO,FALSO,FALSO,9,12,verdadero,"1941",9,Contenedora,"01200011941009",49,45,44,44,44,91.83673469,89.79591837,89.79591837,89.79591837,99999999,15619.17099,"0901200011941","09","012","0001","1941",0.200,0.300,0.400,0.000,0.900
28725226,Calzada de Tlalpan #1023,Benito Juárez,3500,Departamento,3256000,19.386238,-99.13887,67,2,1,1,1,FALSO,FALSO,FALSO,FALSO,FALSO,FALSO,FALSO,FALSO,FALSO,FALSO,FALSO,FALSO,FALSO,FALSO,9,14,verdadero,"0331",19,Típica,"01400010331019",10,5,5,5,5,50,50,50,50,99999999,5410.968524,"0901400010331","09","014","0001","0331",0.200,0.300,0.400,0.100,1.000
28720529,CAMPOS ELISEOS #226,Miguel Hidalgo,11560,Departamento,16500000,19.428844,-99.19042,215,3,2,1,47,FALSO,FALSO,FALSO,FALSO,FALSO,FALSO,FALSO,FALSO,FALSO,FALSO,FALSO,FALSO,FALSO,FALSO,9,16,verdadero,"0783",13,Típica,"01600010783013",116,98,96,98,98,84.48275862,82.75862069,84.48275862,84.48275862,99999999,2502.959855,"0901600010783","09","016","0001","0783",0.200,0.300,0.400,0.100,1.000
25285547,CARRETERA MEXICO TOLUCA #5860,Cuajimalpa de Morelos,5500,Departamento,4389000,19.35010672,-99.29852429,90,2,2,5,2,VERDADERO,VERDADERO,FALSO,FALSO,VERDADERO,FALSO,FALSO,VERDADERO,FALSO,FALSO,FALSO,FALSO,VERDADERO,FALSO,9,4,verdadero,"0119",9,Típica,"00400010119009",1285,1244,1227,1236,1233,96.80933852,95.48638132,96.18677043,95.95330739,99999999,16284.16139,"0900400010119","09","004","0001","0119",0.200,0.300,0.000,0.000,0.500
28289381,Cda Mártires de Río Blanco #104,Gustavo A. Madero,7840,Departamento,1472310,19.45645858,-99.1144844,55,2,1,1,1,FALSO,FALSO,FALSO,FALSO,FALSO,FALSO,FALSO,FALSO,FALSO,FALSO,FALSO,FALSO,FALSO,FALSO,9,5,verdadero,"2199",18,Típica,"00500012199018",20,14,14,14,14,70,70,70,70,99999999,6350.487721,"0900500012199","09","005","0001","2199",0.200,0.300,0.400,0.000,0.900
26608630,Centeno #349,Iztacalco,8400,Departamento,1690000,19.402751,-99.098584,65,2,1,3,1,FALSO,VERDADERO,VERDADERO,FALSO,FALSO,FALSO,FALSO,FALSO,FALSO,FALSO,FALSO,FALSO,FALSO,FALSO,9,6,verdadero,"0132",18,Típica,"00600010132018",51,43,43,43,43,84.31372549,84.31372549,84.31372549,84.31372549,99999999,7650.849947,"0900600010132","09","006","0001","0132",0.200,0.300,0.400,0.100,1.000
28797116,Cerrada Coyoacán,Benito Juárez,3104,Departamento,7500000,19.37459575,-99.17077303,106,2,2,1,5,FALSO,FALSO,VERDADERO,FALSO,FALSO,FALSO,VERDADERO,FALSO,FALSO,FALSO,FALSO,FALSO,VERDADERO,FALSO,9,14,verdadero,"0740",16,Típica,"01400010740016",10,10,10,10,10,100,100,100,100,99999999,5862.776236,"0901400010740","09","014","0001","0740",0.200,0.300,0.400,0.100,1.000
28567859,Cicerón,Miguel Hidalgo,11510,Departamento,65000000,19.4343782,-99.2072794,600,1,0,1,1,FALSO,FALSO,FALSO,FALSO,FALSO,FALSO,FALSO,FALSO,FALSO,FALSO,FALSO,FALSO,FALSO,FALSO,9,16,verdadero,"0637",26,Típica,"01600010637026",59,57,57,57,57,96.61016949,96.61016949,96.61016949,96.61016949,99999999,4337.526647,"0901600010637","09","016","0001","0637",0.200,0.300,0.000,0.100,0.600
28263787,Cienfuegos 1077 #1077Int.  Torre B,Gustavo A. Madero,7300,Departamento,3990000,19.5009299,-99.1220684,80,2,2,1,5,FALSO,VERDADERO,FALSO,FALSO,FALSO,FALSO,FALSO,VERDADERO,FALSO,FALSO,FALSO,FALSO,VERDADERO,FALSO,9,5,verdadero,"0756",11,Típica,"00500010756011",198,63,62,63,63,31.81818182,31.31313131,31.81818182,31.81818182,99999999,9387.566885,"0900500010756","09","005","0001","0756",0.200,0.300,0.400,0.000,0.900
28659890,Colonia Condesa,Cuauhtémoc,6100,Departamento,6480000,19.4093682,-99.1719095,90,2,2,1,3,FALSO,FALSO,FALSO,FALSO,FALSO,FALSO,FALSO,FALSO,FALSO,FALSO,FALSO,FALSO,VERDADERO,FALSO,9,15,verdadero,"1341",16,Típica,"01500011341016",113,83,83,83,83,73.45132743,73.45132743,73.45132743,73.45132743,99999999,2072.84549,"0901500011341","09","015","0001","1341",0.200,0.300,0.400,0.100,1.000
28759411,Cossio,Benito Juárez,3100,Departamento,7095000,19.3797151,-99.1677132,160,3,3,1,1,FALSO,FALSO,FALSO,FALSO,FALSO,FALSO,FALSO,FALSO,FALSO,FALSO,FALSO,FALSO,FALSO,FALSO,9,14,verdadero,"0609",2,Típica,"01400010609002",119,92,92,92,92,77.31092437,77.31092437,77.31092437,77.31092437,99999999,5281.160329,"0901400010609","09","014","0001","0609",0.200,0.000,0.000,0.100,0.300
28340757,,Cuajimalpa de Morelos,5000,Departamento,8000000,19.3646675,-99.259687,104,2,2,1,1,FALSO,FALSO,FALSO,FALSO,FALSO,FALSO,FALSO,FALSO,FALSO,FALSO,FALSO,FALSO,FALSO,FALSO,9,10,verdadero,"2358",18,Típica,"01000012358018",52,52,52,52,52,100,100,100,100,99999999,11990.76333,"0901000012358","09","010","0001","2358",0.200,0.300,0.000,0.100,0.600
28067053,,Benito Juárez,3100,Departamento,6399999,19.3797151,-99.1677132,85,3,2,1,1,FALSO,FALSO,FALSO,FALSO,FALSO,FALSO,FALSO,FALSO,FALSO,FALSO,FALSO,FALSO,FALSO,FALSO,9,14,verdadero,"0609",2,Típica,"01400010609002",119,92,92,92,92,77.31092437,77.31092437,77.31092437,77.31092437,99999999,5281.160329,"0901400010609","09","014","0001","0609",0.200,0.000,0.000,0.100,0.300
28607123,_,Benito Juárez,3103,Departamento,5250000,19.381894,-99.157795,165,2,2,1,30,FALSO,FALSO,VERDADERO,FALSO,FALSO,FALSO,FALSO,FALSO,VERDADERO,FALSO,FALSO,FALSO,FALSO,FALSO,9,14,verdadero,"0420",12,Típica,"01400010420012",192,129,129,129,129,67.1875,67.1875,67.1875,67.1875,99999999,5123.576071,"0901400010420","09","014","0001","0420",0.200,0.000,0.400,0.100,0.700
28762826,,Benito Juárez,3104,Departamento,6410000,19.3729233,-99.1645558,86,2,2,1,1,FALSO,FALSO,FALSO,FALSO,FALSO,FALSO,FALSO,FALSO,FALSO,FALSO,FALSO,FALSO,FALSO,FALSO,9,14,verdadero,"0755",2,Típica,"01400010755002",125,106,106,106,106,84.8,84.8,84.8,84.8,99999999,6035.725162,"0901400010755","09","014","0001","0755",0.200,0.300,0.400,0.100,1.000
28649505,DEPARTAMENTO CON AMENIDADES  EN ANZURES PARA INVERSIONISTAS,Miguel Hidalgo,11300,Departamento,3300000,19.436516,-99.1739857,45,1,1,1,1,FALSO,VERDADERO,FALSO,VERDADERO,FALSO,FALSO,FALSO,VERDADERO,FALSO,FALSO,FALSO,FALSO,VERDADERO,FALSO,9,16,verdadero,"0590",5,Típica,"01600010590005",95,90,90,90,90,94.73684211,94.73684211,94.73684211,94.73684211,99999999,1269.456819,"0901600010590","09","016","0001","0590",0.200,0.300,0.000,0.100,0.600
28725763,División del Norte #152,Cuajimalpa de Morelos,5330,Departamento,5950000,19.356024,-99.28876,217,3,2,1,18,FALSO,FALSO,FALSO,FALSO,FALSO,FALSO,FALSO,FALSO,FALSO,FALSO,FALSO,FALSO,FALSO,FALSO,9,4,verdadero,"0104",11,Típica,"00400010104011",402,290,290,290,290,72.13930348,72.13930348,72.13930348,72.13930348,99999999,15067.1106,"0900400010104","09","004","0001","0104",0.200,0.300,0.000,0.000,0.500
28664272,Edgar Allan Poe,Miguel Hidalgo,11540,Departamento,13859060,19.4353061,-99.1998673,105,2,2,1,1,FALSO,FALSO,FALSO,FALSO,FALSO,FALSO,VERDADERO,FALSO,FALSO,FALSO,FALSO,FALSO,FALSO,FALSO,9,16,verdadero,"0641",15,Típica,"01600010641015",68,47,47,47,47,69.11764706,69.11764706,69.11764706,69.11764706,99999999,3597.749677,"0901600010641","09","016","0001","0641",0.200,0.300,0.400,0.100,1.000
28785559,Edgar Allan Poe,Miguel Hidalgo,11540,Departamento,31894000,19.4353061,-99.1998673,248,3,4,1,1,FALSO,FALSO,FALSO,FALSO,FALSO,FALSO,VERDADERO,FALSO,VERDADERO,FALSO,FALSO,FALSO,VERDADERO,FALSO,9,16,verdadero,"0641",15,Típica,"01600010641015",68,47,47,47,47,69.11764706,69.11764706,69.11764706,69.11764706,99999999,3597.749677,"0901600010641","09","016","0001","0641",0.200,0.300,0.400,0.100,1.000
28833526,Edgar Allan Poe,Miguel Hidalgo,11540,Departamento,16600000,19.4333552,-99.199532,150,2,2,1,10,FALSO,FALSO,VERDADERO,FALSO,FALSO,FALSO,VERDADERO,FALSO,FALSO,FALSO,FALSO,FALSO,FALSO,FALSO,9,16,verdadero,"0641",5,Típica,"01600010641005",43,27,27,27,27,62.79069767,62.79069767,62.79069767,62.79069767,99999999,3516.905428,"0901600010641","09","016","0001","0641",0.200,0.300,0.400,0.100,1.000
28762834,,Cuajimalpa de Morelos,5320,Departamento,5500000,19.3660547,-99.2985273,149,2,2,1,1,FALSO,FALSO,FALSO,FALSO,FALSO,FALSO,FALSO,FALSO,FALSO,FALSO,FALSO,FALSO,FALSO,FALSO,9,4,verdadero,"0299",17,Típica,"00400010299017",275,177,177,177,177,64.36363636,64.36363636,64.36363636,64.36363636,99999999,15429.38984,"0900400010299","09","004","0001","0299",0.200,0.300,0.000,0.000,0.500
28087157,Emerson 121 #121Int. 1,Miguel Hidalgo,11560,Departamento,13800000,19.4371171,-99.1889014,287,3,2,1,50,FALSO,VERDADERO,VERDADERO,FALSO,FALSO,FALSO,FALSO,FALSO,FALSO,FALSO,FALSO,FALSO,FALSO,FALSO,9,16,verdadero,"0660",9,Típica,"01600010660009",292,203,203,203,203,69.52054795,69.52054795,69.52054795,69.52054795,99999999,2573.359741,"0901600010660","09","016","0001","0660",0.200,0.300,0.400,0.100,1.000
28425344,Gabino Barreda #93,Cuauhtémoc,6470,Departamento,5533157,19.437349,-99.166779,84,2,2,1,1,FALSO,FALSO,VERDADERO,FALSO,FALSO,FALSO,FALSO,FALSO,FALSO,FALSO,FALSO,FALSO,VERDADERO,FALSO,9,15,verdadero,"0678",12,Típica,"01500010678012",400,344,342,344,343,86,85.5,86,85.75,99999999,1100.0592,"0901500010678","09","015","0001","0678",0.200,0.300,0.400,0.100,1.000
28688798,Gabriel Mancera,Benito Juárez,3103,Departamento,3300000,19.3937197,-99.1622858,82,2,1,1,64,FALSO,FALSO,VERDADERO,FALSO,FALSO,FALSO,FALSO,FALSO,VERDADERO,FALSO,FALSO,FALSO,FALSO,FALSO,9,14,verdadero,"0257",23,Típica,"01400010257023",336,306,306,306,306,91.07142857,91.07142857,91.07142857,91.07142857,99999999,3757.546212,"0901400010257","09","014","0001","0257",0.200,0.000,0.400,0.100,0.700
28722578,Garcia Diego #299,Cuauhtémoc,6720,Departamento,1700000,19.416925,-99.15379,60,2,1,1,25,FALSO,FALSO,FALSO,FALSO,FALSO,FALSO,FALSO,FALSO,FALSO,FALSO,FALSO,FALSO,FALSO,FALSO,9,15,verdadero,"1125",7,Típica,"01500011125007",115,111,111,111,111,96.52173913,96.52173913,96.52173913,96.52173913,99999999,1779.750671,"0901500011125","09","015","0001","1125",0.200,0.300,0.400,0.100,1.000
28690951,Gobernador Agustín Vicente Eguia #47,Miguel Hidalgo,11850,Departamento,8500000,19.4076399,-99.1882113,125,2,3,1,1,FALSO,FALSO,VERDADERO,FALSO,FALSO,FALSO,VERDADERO,FALSO,FALSO,FALSO,FALSO,FALSO,VERDADERO,FALSO,9,16,verdadero,"1160",5,Típica,"01600011160005",36,33,33,33,33,91.66666667,91.66666667,91.66666667,91.66666667,99999999,3150.555285,"0901600011160","09","016","0001","1160",0.200,0.300,0.400,0.100,1.000
28774805,Hamburgo 322 #322,Cuauhtémoc,6600,Departamento,6900000,19.4217838,-99.1738244,140,2,2,1,10,FALSO,VERDADERO,FALSO,VERDADERO,FALSO,FALSO,FALSO,FALSO,FALSO,FALSO,FALSO,FALSO,VERDADERO,FALSO,9,15,verdadero,"0983",8,Típica,"01500010983008",85,46,46,46,46,54.11764706,54.11764706,54.11764706,54.11764706,99999999,978.9657217,"0901500010983","09","015","0001","0983",0.200,0.300,0.400,0.100,1.000
28641555,Juan Sebastian Bach,Gustavo A. Madero,7870,Departamento,2025000,19.4661096,-99.1362003,51,1,0,1,3,FALSO,FALSO,VERDADERO,FALSO,FALSO,FALSO,FALSO,FALSO,FALSO,FALSO,FALSO,FALSO,VERDADERO,FALSO,9,5,verdadero,174A,4,Típica,0050001174A004,146,62,62,62,62,42.46575342,42.46575342,42.46575342,42.46575342,99999999,5344.466296,090050001174A,"09","005","0001",174A,0.200,0.300,0.400,0.100,1.000
28517312,Lafayette,Miguel Hidalgo,11590,Departamento,8500000,19.4328316,-99.1763979,145,2,3,1,23,FALSO,FALSO,VERDADERO,FALSO,FALSO,FALSO,FALSO,FALSO,VERDADERO,FALSO,FALSO,FALSO,VERDADERO,FALSO,9,16,verdadero,"0707",9,Típica,"01600010707009",112,98,98,98,98,87.5,87.5,87.5,87.5,99999999,1187.924576,"0901600010707","09","016","0001","0707",0.200,0.300,0.000,0.100,0.600
28721560,Lago Ilopango #207,Miguel Hidalgo,11280,Departamento,4696380,19.458416,-99.19607,116,3,2,1,1,FALSO,FALSO,FALSO,FALSO,FALSO,FALSO,FALSO,FALSO,FALSO,FALSO,FALSO,FALSO,FALSO,FALSO,9,16,verdadero,"0139",16,Típica,"01600010139016",46,44,44,44,44,95.65217391,95.65217391,95.65217391,95.65217391,99999999,4618.782831,"0901600010139","09","016","0001","0139",0.200,0.300,0.400,0.100,1.000
27434451,Lago Neuchatel,Miguel Hidalgo,11520,Departamento,5800000,19.4438292,-99.2013129,127,3,2,1,15,FALSO,FALSO,FALSO,FALSO,VERDADERO,FALSO,FALSO,VERDADERO,FALSO,FALSO,FALSO,FALSO,VERDADERO,FALSO,9,16,verdadero,"0444",10,Típica,"01600010444010",782,737,737,737,737,94.2455243,94.2455243,94.2455243,94.2455243,99999999,4069.992939,"0901600010444","09","016","0001","0444",0.200,0.000,0.000,0.100,0.300
28543680,Laguna del Carmen,Miguel Hidalgo,11320,Departamento,2350000,19.44837333,-99.17400673,57,3,1,5,1,FALSO,FALSO,FALSO,FALSO,FALSO,FALSO,FALSO,FALSO,FALSO,FALSO,FALSO,FALSO,FALSO,FALSO,9,16,verdadero,029A,15,Típica,0160001029A015,321,288,288,288,288,89.71962617,89.71962617,89.71962617,89.71962617,99999999,2446.063065,090160001029A,"09","016","0001",029A,0.200,0.300,0.400,0.100,1.000
28823831,Lamartine 152 #152,Miguel Hidalgo,11560,Departamento,7900000,19.4360558,-99.18950105,111,2,2,1,30,FALSO,VERDADERO,VERDADERO,FALSO,FALSO,VERDADERO,FALSO,FALSO,VERDADERO,FALSO,FALSO,FALSO,VERDADERO,FALSO,9,16,verdadero,"0660",9,Típica,"01600010660009",292,203,203,203,203,69.52054795,69.52054795,69.52054795,69.52054795,99999999,2584.971841,"0901600010660","09","016","0001","0660",0.200,0.300,0.400,0.100,1.000
28531160,Leandro Valle,Cuauhtémoc,6010,Departamento,3345000,19.4385937,-99.1342656,114,2,2,1,95,FALSO,FALSO,FALSO,FALSO,FALSO,FALSO,FALSO,FALSO,FALSO,FALSO,FALSO,FALSO,FALSO,FALSO,9,15,verdadero,"0644",6,Típica,"01500010644006",428,293,292,292,292,68.45794393,68.22429907,68.22429907,68.22429907,99999999,3617.614464,"0901500010644","09","015","0001","0644",0.200,0.300,0.400,0.100,1.000
28332207,,Miguel Hidalgo,11000,Departamento,13980000,19.43918625,-99.22251046,226,3,3,1,1,FALSO,FALSO,FALSO,FALSO,FALSO,FALSO,FALSO,FALSO,FALSO,FALSO,FALSO,FALSO,FALSO,FALSO,9,16,verdadero,"0514",1,Contenedora,"01600010514001",95,76,76,76,76,80,80,80,80,99999999,6010.887092,"0901600010514","09","016","0001","0514",0.200,0.300,0.000,0.000,0.500
28781854,Martin Mendalde #1761,Benito Juárez,3240,Departamento,6900000,19.36135492,-99.17133031,195,3,2,1,49,FALSO,FALSO,VERDADERO,FALSO,FALSO,FALSO,FALSO,FALSO,VERDADERO,FALSO,FALSO,FALSO,VERDADERO,FALSO,9,14,verdadero,"0948",3,Típica,"01400010948003",265,173,173,173,173,65.28301887,65.28301887,65.28301887,65.28301887,99999999,7328.970374,"0901400010948","09","014","0001","0948",0.200,0.300,0.400,0.100,1.000
28772234,Martin Mendalde,Benito Juárez,3104,Departamento,6900000,19.374863,-99.1693946,195,3,2,1,41,FALSO,FALSO,VERDADERO,FALSO,FALSO,FALSO,FALSO,FALSO,FALSO,FALSO,FALSO,FALSO,VERDADERO,FALSO,9,14,verdadero,"0740",1,Típica,"01400010740001",133,110,110,110,110,82.70676692,82.70676692,82.70676692,82.70676692,99999999,5824.275487,"0901400010740","09","014","0001","0740",0.200,0.300,0.400,0.100,1.000
27398915,Mitla,Benito Juárez,3023,Departamento,6975150,19.3852261,-99.1504056,73,2,2,1,1,FALSO,FALSO,VERDADERO,FALSO,FALSO,FALSO,FALSO,FALSO,FALSO,FALSO,FALSO,FALSO,VERDADERO,FALSO,9,14,verdadero,"0435",4,Típica,"01400010435004",21,17,17,17,17,80.95238095,80.95238095,80.95238095,80.95238095,99999999,4971.273929,"0901400010435","09","014","0001","0435",0.200,0.300,0.400,0.100,1.000
28543049,ORIENTE 237 #152 Edif A,Iztacalco,8500,Departamento,2193000,19.3923495,-99.0709315,64,2,1,1,7,FALSO,VERDADERO,FALSO,VERDADERO,FALSO,FALSO,FALSO,FALSO,FALSO,FALSO,FALSO,FALSO,VERDADERO,FALSO,9,6,verdadero,"0359",16,Contenedora,"00600010359016",107,100,100,100,100,93.45794393,93.45794393,93.45794393,93.45794393,99999999,10775.17825,"0900600010359","09","006","0001","0359",0.200,0.300,0.000,0.000,0.500
28546783,palacio escorial,Miguel Hidalgo,11930,Departamento,16600000,19.4016375,-99.2348641,350,3,3,1,1,FALSO,FALSO,VERDADERO,FALSO,FALSO,FALSO,VERDADERO,FALSO,FALSO,FALSO,FALSO,FALSO,VERDADERO,FALSO,9,16,verdadero,"1279",7,Típica,"01600011279007",58,32,32,32,32,55.17241379,55.17241379,55.17241379,55.17241379,99999999,7713.169176,"0901600011279","09","016","0001","1279",0.200,0.300,0.000,0.000,0.500
28811574,PALACIO ESCORIAL,Miguel Hidalgo,11930,Departamento,8850000,19.4016409,-99.2348447,120,2,2,1,4,FALSO,FALSO,VERDADERO,FALSO,FALSO,FALSO,FALSO,FALSO,FALSO,FALSO,FALSO,VERDADERO,VERDADERO,FALSO,9,16,verdadero,"1279",7,Típica,"01600011279007",58,32,32,32,32,55.17241379,55.17241379,55.17241379,55.17241379,99999999,7711.136871,"0901600011279","09","016","0001","1279",0.200,0.300,0.000,0.000,0.500
28566971,Park Plaza,Álvaro Obregón,1210,Departamento,9900000,19.3644559,-99.2597087,190,2,2,1,8,VERDADERO,FALSO,FALSO,FALSO,VERDADERO,FALSO,VERDADERO,VERDADERO,FALSO,FALSO,FALSO,FALSO,VERDADERO,FALSO,9,10,verdadero,"2358",18,Típica,"01000012358018",52,52,52,52,52,100,100,100,100,99999999,12006.20767,"0901000012358","09","010","0001","2358",0.200,0.300,0.000,0.100,0.600
28822249,Paseo de los Laureles 404 #404,Cuajimalpa de Morelos,5100,Departamento,11050000,19.3795639,-99.2661971,305,4,3,1,23,VERDADERO,VERDADERO,FALSO,VERDADERO,VERDADERO,FALSO,FALSO,VERDADERO,FALSO,FALSO,FALSO,FALSO,VERDADERO,FALSO,9,4,verdadero,"0195",87,Contenida,"00400010195087",62,49,47,49,49,79.03225806,75.80645161,79.03225806,79.03225806,99999999,11722.47528,"0900400010195","09","004","0001","0195",0.200,0.300,0.000,0.000,0.500
28822249,Paseo de los Laureles 404 #404,Cuajimalpa de Morelos,5100,Departamento,11050000,19.3795639,-99.2661971,305,4,3,1,23,VERDADERO,VERDADERO,FALSO,VERDADERO,VERDADERO,FALSO,FALSO,VERDADERO,FALSO,FALSO,FALSO,FALSO,VERDADERO,FALSO,9,4,verdadero,"0195",20,Contenedora,"00400010195020",352,339,334,338,335,96.30681818,94.88636364,96.02272727,95.17045455,99999999,11722.47528,"0900400010195","09","004","0001","0195",0.200,0.300,0.000,0.000,0.500
28534056,Pennsylvania,Benito Juárez,3840,Departamento,4500000,19.3874609,-99.1775929,60,2,2,1,4,FALSO,FALSO,VERDADERO,FALSO,FALSO,FALSO,FALSO,FALSO,FALSO,FALSO,FALSO,FALSO,VERDADERO,FALSO,9,14,verdadero,037A,9,Típica,0140001037A009,173,156,156,156,156,90.1734104,90.1734104,90.1734104,90.1734104,99999999,4569.831957,090140001037A,"09","014","0001",037A,0.200,0.300,0.400,0.100,1.000
28136474,PENTHOUSE CON 2 RECAMARAS Y ROOF PRIVADO EN CALLE TRANQUILA #134Int. 303,Miguel Hidalgo,11560,Departamento,9345000,19.43565393,-99.18350745,165,2,2,3,1,FALSO,VERDADERO,FALSO,VERDADERO,FALSO,FALSO,VERDADERO,FALSO,FALSO,FALSO,FALSO,FALSO,FALSO,FALSO,9,16,verdadero,068A,17,Típica,0160001068A017,135,106,106,106,106,78.51851852,78.51851852,78.51851852,78.51851852,99999999,1993.015911,090160001068A,"09","016","0001",068A,0.200,0.300,0.400,0.100,1.000
28832029,PENTHOUSE CON ROOF PRIVADO ROMA NORTEInt. 104,Cuauhtémoc,6700,Departamento,8976790,19.41093985,-99.16349314,172,2,2,1,1,FALSO,VERDADERO,FALSO,VERDADERO,FALSO,FALSO,FALSO,VERDADERO,FALSO,FALSO,FALSO,FALSO,VERDADERO,FALSO,9,15,verdadero,"1360",8,Típica,"01500011360008",86,82,82,82,82,95.34883721,95.34883721,95.34883721,95.34883721,99999999,1853.071801,"0901500011360","09","015","0001","1360",0.200,0.300,0.400,0.100,1.000
28635481,PENTHOUSE CON ROOF PRIVADO Y ESTUDIO,Benito Juárez,3303,Departamento,5200000,19.36648339,-99.14936903,132,2,2,4,1,VERDADERO,VERDADERO,FALSO,VERDADERO,FALSO,FALSO,FALSO,FALSO,FALSO,FALSO,FALSO,FALSO,VERDADERO,FALSO,9,14,verdadero,"0863",31,Típica,"01400010863031",38,37,36,37,37,97.36842105,94.73684211,97.36842105,97.36842105,99999999,6984.220901,"0901400010863","09","014","0001","0863",0.200,0.300,0.400,0.100,1.000
27872291,Periférico,Coyoacán,4700,Departamento,5550000,19.30366338,-99.17711578,106,3,2,1,5,VERDADERO,FALSO,VERDADERO,FALSO,VERDADERO,FALSO,FALSO,VERDADERO,FALSO,FALSO,FALSO,FALSO,VERDADERO,FALSO,9,3,verdadero,"1783",35,Típica,"00300011783035",331,178,172,178,178,53.77643505,51.96374622,53.77643505,53.77643505,99999999,13742.76659,"0900300011783","09","003","0001","1783",0.200,0.300,0.000,0.000,0.500
24668493,PLUTARCO E. CALLES  #21Int. 1,Iztacalco,8400,Departamento,2174848,19.39714469,-99.09991438,47,2,1,1,1,FALSO,VERDADERO,VERDADERO,FALSO,FALSO,FALSO,FALSO,FALSO,FALSO,FALSO,FALSO,FALSO,VERDADERO,FALSO,9,6,verdadero,"0132",15,Típica,"00600010132015",155,132,132,132,132,85.16129032,85.16129032,85.16129032,85.16129032,99999999,7767.428112,"0900600010132","09","006","0001","0132",0.200,0.300,0.400,0.100,1.000
27098264,Po de Las Galias 15 #15,Iztapalapa,9890,Departamento,1850000,19.3220284,-99.0967708,60,2,1,4,30,FALSO,VERDADERO,FALSO,FALSO,FALSO,FALSO,FALSO,FALSO,FALSO,FALSO,FALSO,FALSO,FALSO,FALSO,9,7,verdadero,"1941",22,Típica,"00700011941022",70,65,65,65,65,92.85714286,92.85714286,92.85714286,92.85714286,99999999,13782.42612,"0900700011941","09","007","0001","1941",0.200,0.300,0.400,0.100,1.000
28488016,Popotla #43,Álvaro Obregón,1090,Departamento,4450000,19.33291378,-99.20820056,100,3,2,3,16,FALSO,VERDADERO,FALSO,FALSO,FALSO,FALSO,FALSO,FALSO,FALSO,FALSO,FALSO,FALSO,VERDADERO,FALSO,9,10,verdadero,"1237",23,Típica,"01000011237023",104,103,103,103,103,99.03846154,99.03846154,99.03846154,99.03846154,99999999,11335.44901,"0901000011237","09","010","0001","1237",0.200,0.300,0.000,0.100,0.600
28762803,,Benito Juárez,3570,Departamento,4959666,19.3638887,-99.1517173,69,2,2,1,1,FALSO,FALSO,FALSO,FALSO,FALSO,FALSO,FALSO,FALSO,FALSO,FALSO,FALSO,FALSO,FALSO,FALSO,9,14,verdadero,"0990",9,Típica,"01400010990009",64,47,47,47,47,73.4375,73.4375,73.4375,73.4375,99999999,7204.33786,"0901400010990","09","014","0001","0990",0.200,0.300,0.400,0.100,1.000
28148926,Prol. Bosques de Reforma,Cuajimalpa de Morelos,5120,Departamento,35000000,19.3897838,-99.2602318,423,3,3,1,4,FALSO,FALSO,FALSO,FALSO,VERDADERO,FALSO,VERDADERO,VERDADERO,FALSO,FALSO,FALSO,VERDADERO,VERDADERO,FALSO,9,4,verdadero,"0176",15,Típica,"00400010176015",280,270,266,268,266,96.42857143,95,95.71428571,95,99999999,10676.78061,"0900400010176","09","004","0001","0176",0.200,0.300,0.000,0.000,0.500
28661123,Prolongación Calle Carlos Echanove,Cuajimalpa de Morelos,5320,Departamento,12500000,19.3617203,-99.2834093,244,2,2,1,50,FALSO,FALSO,VERDADERO,FALSO,VERDADERO,VERDADERO,FALSO,VERDADERO,FALSO,FALSO,FALSO,FALSO,VERDADERO,FALSO,9,4,verdadero,"0104",15,Contenedora,"00400010104015",170,158,158,158,158,92.94117647,92.94117647,92.94117647,92.94117647,99999999,14259.71891,"0900400010104","09","004","0001","0104",0.200,0.300,0.000,0.000,0.500
28593742,Prolongación Paseo de la Reforma,Álvaro Obregón,1310,Departamento,3700000,19.3792647,-99.2541168,65,2,2,1,7,FALSO,FALSO,VERDADERO,FALSO,VERDADERO,FALSO,FALSO,VERDADERO,FALSO,FALSO,FALSO,FALSO,VERDADERO,FALSO,9,10,verdadero,"1379",25,Típica,"01000011379025",339,288,280,288,286,84.95575221,82.59587021,84.95575221,84.36578171,99999999,10622.61855,"0901000011379","09","010","0001","1379",0.200,0.300,0.000,0.100,0.600
28686940,Rafael Delgado,Cuauhtémoc,6800,Departamento,1708600,19.4099497,-99.1387533,40,1,1,1,1,FALSO,FALSO,FALSO,FALSO,FALSO,FALSO,FALSO,FALSO,FALSO,FALSO,FALSO,FALSO,FALSO,FALSO,9,15,verdadero,"1407",5,Típica,"01500011407005",109,106,106,106,106,97.24770642,97.24770642,97.24770642,97.24770642,99999999,3508.768375,"0901500011407","09","015","0001","1407",0.200,0.300,0.400,0.100,1.000
28686943,Rafael Delgado,Cuauhtémoc,6800,Departamento,1688800,19.4099497,-99.1387533,39,1,1,1,1,FALSO,FALSO,FALSO,FALSO,FALSO,FALSO,FALSO,FALSO,FALSO,FALSO,FALSO,FALSO,FALSO,FALSO,9,15,verdadero,"1407",5,Típica,"01500011407005",109,106,106,106,106,97.24770642,97.24770642,97.24770642,97.24770642,99999999,3508.768375,"0901500011407","09","015","0001","1407",0.200,0.300,0.400,0.100,1.000
26997184,Rébsamen,Benito Juárez,3020,Departamento,8350000,19.3957382,-99.1587829,122,3,2,1,1,FALSO,FALSO,VERDADERO,FALSO,FALSO,FALSO,VERDADERO,FALSO,FALSO,FALSO,FALSO,FALSO,VERDADERO,FALSO,9,14,verdadero,"0064",17,Típica,"01400010064017",171,155,155,155,155,90.64327485,90.64327485,90.64327485,90.64327485,99999999,3601.915525,"0901400010064","09","014","0001","0064",0.200,0.000,0.400,0.100,0.700
27923502,Rébsamen,Benito Juárez,3020,Departamento,7400000,19.3957382,-99.1587829,122,3,2,1,1,FALSO,FALSO,VERDADERO,FALSO,FALSO,FALSO,VERDADERO,FALSO,FALSO,FALSO,FALSO,FALSO,VERDADERO,FALSO,9,14,verdadero,"0064",17,Típica,"01400010064017",171,155,155,155,155,90.64327485,90.64327485,90.64327485,90.64327485,99999999,3601.915525,"0901400010064","09","014","0001","0064",0.200,0.000,0.400,0.100,0.700
28723950,Retorno 701 #110,Coyoacán,4450,Departamento,3000000,19.334671,-99.14039,60,2,1,1,15,FALSO,FALSO,FALSO,FALSO,FALSO,FALSO,FALSO,FALSO,FALSO,FALSO,FALSO,FALSO,FALSO,FALSO,9,3,verdadero,"0484",18,Típica,"00300010484018",30,28,28,28,28,93.33333333,93.33333333,93.33333333,93.33333333,99999999,10629.91712,"0900300010484","09","003","0001","0484",0.200,0.300,0.400,0.000,0.900
28659297,Rio de la Magdalena 200 - 23,Álvaro Obregón,1090,Departamento,12500000,19.3376147,-99.194878,231,3,3,1,15,FALSO,FALSO,FALSO,FALSO,VERDADERO,FALSO,VERDADERO,VERDADERO,FALSO,FALSO,FALSO,FALSO,VERDADERO,FALSO,9,10,verdadero,"1241",13,Típica,"01000011241013",117,107,107,107,107,91.45299145,91.45299145,91.45299145,91.45299145,99999999,10373.64258,"0901000011241","09","010","0001","1241",0.200,0.300,0.400,0.100,1.000
28660151,Río Guadalquivir 100,Cuauhtémoc,6500,Departamento,5990000,19.4301322,-99.1691413,86,2,2,1,1,FALSO,FALSO,FALSO,FALSO,FALSO,VERDADERO,FALSO,FALSO,FALSO,FALSO,FALSO,FALSO,VERDADERO,FALSO,9,15,verdadero,"0822",4,Típica,"01500010822004",103,62,62,62,62,60.19417476,60.19417476,60.19417476,60.19417476,99999999,399.9342925,"0901500010822","09","015","0001","0822",0.200,0.300,0.400,0.100,1.000
28660725,Rio Rhin 100,Cuauhtémoc,6500,Departamento,4500000,19.4301322,-99.1691413,100,2,1,1,42,FALSO,FALSO,FALSO,FALSO,FALSO,FALSO,FALSO,FALSO,FALSO,FALSO,FALSO,FALSO,VERDADERO,FALSO,9,15,verdadero,"0822",4,Típica,"01500010822004",103,62,62,62,62,60.19417476,60.19417476,60.19417476,60.19417476,99999999,399.9342925,"0901500010822","09","015","0001","0822",0.200,0.300,0.400,0.100,1.000
28528902,Roma Norte,Cuauhtémoc,6700,Departamento,5181660,19.4185256,-99.163549,78,2,2,1,1,FALSO,FALSO,VERDADERO,FALSO,FALSO,FALSO,FALSO,VERDADERO,FALSO,FALSO,FALSO,FALSO,VERDADERO,FALSO,9,15,verdadero,"1002",15,Típica,"01500011002015",24,19,19,19,19,79.16666667,79.16666667,79.16666667,79.16666667,99999999,1035.744175,"0901500011002","09","015","0001","1002",0.200,0.300,0.400,0.100,1.000
28796290,San Bernabé,La Magdalena Contreras,10200,Departamento,3450000,19.3294691,-99.2293775,135,3,2,1,31,FALSO,FALSO,VERDADERO,FALSO,FALSO,FALSO,FALSO,FALSO,FALSO,FALSO,FALSO,FALSO,FALSO,FALSO,9,8,verdadero,"0118",9,Típica,"00800010118009",328,313,313,313,313,95.42682927,95.42682927,95.42682927,95.42682927,99999999,12688.31565,"0900800010118","09","008","0001","0118",0.200,0.300,0.000,0.100,0.600
27910829,San Lorenzo 1009 #1009,Benito Juárez,3104,Departamento,5710000,19.3723816,-99.1642556,74,2,2,1,1,FALSO,VERDADERO,VERDADERO,FALSO,FALSO,FALSO,FALSO,VERDADERO,FALSO,FALSO,FALSO,FALSO,VERDADERO,FALSO,9,14,verdadero,"0755",11,Típica,"01400010755011",18,15,15,15,15,83.33333333,83.33333333,83.33333333,83.33333333,99999999,6096.861598,"0901400010755","09","014","0001","0755",0.200,0.300,0.400,0.100,1.000
27912757,San Lorenzo 1009 #1009,Benito Juárez,3104,Departamento,6900000,19.3723816,-99.1642556,91,2,2,1,1,FALSO,VERDADERO,FALSO,FALSO,FALSO,FALSO,FALSO,VERDADERO,FALSO,FALSO,FALSO,FALSO,VERDADERO,FALSO,9,14,verdadero,"0755",11,Típica,"01400010755011",18,15,15,15,15,83.33333333,83.33333333,83.33333333,83.33333333,99999999,6096.861598,"0901400010755","09","014","0001","0755",0.200,0.300,0.400,0.100,1.000
28661933,Santa Maria la Ribera  200 - 202,Cuauhtémoc,6400,Departamento,3228642,19.4468279,-99.1594532,50,1,1,1,2,FALSO,FALSO,FALSO,FALSO,FALSO,FALSO,VERDADERO,FALSO,FALSO,FALSO,FALSO,FALSO,FALSO,FALSO,9,15,verdadero,"0555",11,Típica,"01500010555011",150,113,113,113,113,75.33333333,75.33333333,75.33333333,75.33333333,99999999,2277.71593,"0901500010555","09","015","0001","0555",0.200,0.300,0.400,0.100,1.000
28081657,SECCION F,Álvaro Obregón,1480,Departamento,1680000,19.3709149,-99.1923033,63,3,1,2,1,VERDADERO,FALSO,FALSO,VERDADERO,FALSO,FALSO,FALSO,FALSO,FALSO,FALSO,FALSO,FALSO,FALSO,FALSO,9,10,verdadero,"0648",11,Edificio-Manzana,"01000010648011",48,42,42,42,42,87.5,87.5,87.5,87.5,99999999,6810.522807,"0901000010648","09","010","0001","0648",0.200,0.300,0.000,0.100,0.600
28661334,Segunda Cerrada del Moral 100,Álvaro Obregón,1700,Departamento,5800000,19.3418937,-99.2245237,157,3,3,1,27,FALSO,FALSO,FALSO,FALSO,VERDADERO,VERDADERO,VERDADERO,FALSO,FALSO,FALSO,FALSO,FALSO,VERDADERO,FALSO,9,10,verdadero,"1171",55,Típica,"01000011171055",580,526,525,525,525,90.68965517,90.51724138,90.51724138,90.51724138,99999999,11251.54312,"0901000011171","09","010","0001","1171",0.200,0.300,0.000,0.100,0.600
28669216,SUIT EN REFORMA CON AMENIDADES PARA INVERSIONISTAS,Cuauhtémoc,6600,Departamento,2300000,19.43512038,-99.15144329,30,1,1,1,1,FALSO,VERDADERO,FALSO,VERDADERO,VERDADERO,FALSO,FALSO,VERDADERO,FALSO,FALSO,FALSO,FALSO,VERDADERO,FALSO,9,15,verdadero,"0729",6,Típica,"01500010729006",248,106,106,106,106,42.74193548,42.74193548,42.74193548,42.74193548,99999999,1809.20052,"0901500010729","09","015","0001","0729",0.200,0.300,0.400,0.100,1.000
28588547,Tízoc,Azcapotzalco,2000,Departamento,2130000,19.4796649,-99.1857844,50,2,1,1,1,FALSO,FALSO,FALSO,FALSO,FALSO,FALSO,VERDADERO,FALSO,FALSO,FALSO,FALSO,FALSO,VERDADERO,FALSO,9,2,verdadero,"0311",25,Típica,"00200010311025",56,49,49,49,49,87.5,87.5,87.5,87.5,99999999,6123.768361,"0900200010311","09","002","0001","0311",0.200,0.300,0.400,0.100,1.000
28662410,Vasco de Quiroga 3900,Cuajimalpa de Morelos,5320,Departamento,9000000,19.3617203,-99.2834093,240,3,3,1,20,FALSO,FALSO,FALSO,FALSO,VERDADERO,VERDADERO,FALSO,VERDADERO,FALSO,FALSO,FALSO,FALSO,VERDADERO,FALSO,9,4,verdadero,"0104",15,Contenedora,"00400010104015",170,158,158,158,158,92.94117647,92.94117647,92.94117647,92.94117647,99999999,14259.71891,"0900400010104","09","004","0001","0104",0.200,0.300,0.000,0.000,0.500
28019601,Vasco de Quiroga 4309 #4309,Cuajimalpa de Morelos,5348,Departamento,8900000,19.3563932,-99.2838601,175,3,4,3,10,FALSO,VERDADERO,FALSO,VERDADERO,VERDADERO,FALSO,FALSO,FALSO,FALSO,FALSO,FALSO,VERDADERO,VERDADERO,FALSO,9,4,verdadero,"0369",75,Contenedora,"00400010369075",15,15,15,15,15,100,100,100,100,99999999,14609.32969,"0900400010369","09","004","0001","0369",0.200,0.300,0.000,0.100,0.600
28583528,Victor Hugo,Benito Juárez,3303,Departamento,3950000,19.3708514,-99.1501542,153,2,2,1,9,FALSO,FALSO,VERDADERO,FALSO,FALSO,FALSO,FALSO,FALSO,VERDADERO,FALSO,FALSO,FALSO,FALSO,FALSO,9,14,verdadero,"0774",2,Típica,"01400010774002",127,105,106,106,105,82.67716535,83.46456693,83.46456693,82.67716535,99999999,6496.023787,"0901400010774","09","014","0001","0774",0.200,0.300,0.400,0.100,1.000
24668140,ZARAGOZA  #838Int. 01,Venustiano Carranza,15750,Departamento,1831875,19.4097835,-99.07764667,53,2,1,5,1,FALSO,VERDADERO,VERDADERO,FALSO,FALSO,FALSO,FALSO,VERDADERO,FALSO,FALSO,FALSO,FALSO,FALSO,FALSO,9,17,verdadero,"1295",21,Típica,"01700011295021",233,146,146,146,146,62.66094421,62.66094421,62.66094421,62.66094421,99999999,9547.600856,"0901700011295","09","017","0001","1295",0.200,0.300,0.400,0.100,1.000
